20呎標準貨櫃,來源洲,來源港,年月,目的洲,臺灣港
2,亞洲,AEAUH,2025/01,未知,TWKHH
150,亞洲,AEDXB,2025/01,未知,TWKHH
57,亞洲,AEJEA,2025/01,未知,TWKHH
164,大洋洲,AUBNE,2025/01,未知,TWKHH
28,大洋洲,AUMEL,2025/01,未知,TWKHH
34,大洋洲,AUSYD,2025/01,未知,TWKHH
29,歐洲,BEANR,2025/01,未知,TWKHH
321,亞洲,BNMUA,2025/01,未知,TWKHH
74,北美洲,CAVAN,2025/01,未知,TWKHH
1703,北美洲,CAVAN,2025/01,未知,TWKHH
2,亞洲,CNFOC,2025/01,未知,TWKHH
2,亞洲,CNMAW,2025/01,未知,TWEMC
10,亞洲,CNMAW,2025/01,未知,TWKHH
10,亞洲,CNMAW,2025/01,未知,TWKHH
3,亞洲,CNNGB,2025/01,未知,TWKHH
1,亞洲,CNNGB,2025/01,未知,TWTXG
27,亞洲,CNNGB,2025/01,未知,TWTPE
6,亞洲,CNNGB,2025/01,未知,TWTXG
2,亞洲,CNNSA,2025/01,未知,TWKHH
2,亞洲,CNRZH,2025/01,未知,TWKHH
114,亞洲,CNSHG,2025/01,未知,TWKEL
261,亞洲,CNSHG,2025/01,未知,TWKHH
92,亞洲,CNSHG,2025/01,未知,TWTXG
34,亞洲,CNSHK,2025/01,未知,TWKEL
4,亞洲,CNTAO,2025/01,未知,TWKHH
57,亞洲,CNTCA,2025/01,未知,TWKEL
45,亞洲,CNTCA,2025/01,未知,TWKHH
188,亞洲,CNTCA,2025/01,未知,TWTXG
2,亞洲,CNXMN,2025/01,未知,TWKHH
4,亞洲,CNXMN,2025/01,未知,TWKHH
6,亞洲,CNXMN,2025/01,未知,TWTXG
4,亞洲,CNXMN,2025/01,未知,TWTXG
4,南美洲,COCTG,2025/01,未知,TWKHH
98,歐洲,DEHAM,2025/01,未知,TWKHH
135,歐洲,DESTM,2025/01,未知,TWKHH
442,南美洲,ECGYE,2025/01,未知,TWKHH
1,歐洲,ESVLC,2025/01,未知,TWKHH
8,大洋洲,FMYAP,2025/01,未知,TWKHH
3,歐洲,FRLPE,2025/01,未知,TWKHH
128,歐洲,GBFXT,2025/01,未知,TWKHH
110,歐洲,GBFXT,2025/01,未知,TWTPE
118,歐洲,GBSOU,2025/01,未知,TWKHH
326,歐洲,GRPIR,2025/01,未知,TWKHH
28,北美洲,GTPRQ,2025/01,未知,TWKHH
64,北美洲,GTZNJ,2025/01,未知,TWKHH
31,大洋洲,GUGUM,2025/01,未知,TWKHH
56,亞洲,HKHKG,2025/01,未知,TWKEL
130,亞洲,HKHKG,2025/01,未知,TWKHH
2,亞洲,IDBLW,2025/01,未知,TWTPE
328,亞洲,IDJKT,2025/01,未知,TWKHH
140,亞洲,IDJKT,2025/01,未知,TWTXG
414,亞洲,IDSRG,2025/01,未知,TWKHH
22,亞洲,IDSRG,2025/01,未知,TWKHH
65,亞洲,IDSUB,2025/01,未知,TWKHH
102,亞洲,ILASH,2025/01,未知,TWKHH
41,亞洲,INKAT,2025/01,未知,TWKHH
14,亞洲,INMAA,2025/01,未知,TWKHH
292,亞洲,INNSA,2025/01,未知,TWKHH
50,亞洲,IQUQR,2025/01,未知,TWKHH
2,歐洲,ITGOA,2025/01,未知,TWKHH
100,歐洲,ITSPE,2025/01,未知,TWKHH
20,亞洲,JPCHB,2025/01,未知,TWTXG
6,亞洲,JPHIJ,2025/01,未知,TWKHH
10,亞洲,JPHIJ,2025/01,未知,TWTXG
142,亞洲,JPHKT,2025/01,未知,TWKHH
30,亞洲,JPHKT,2025/01,未知,TWKHH
3,亞洲,JPHKT,2025/01,未知,TWTPE
206,亞洲,JPHKT,2025/01,未知,TWTXG
80,亞洲,JPKWS,2025/01,未知,TWTXG
15,亞洲,JPMIZ,2025/01,未知,TWTXG
31,亞洲,JPMOJ,2025/01,未知,TWKHH
61,亞洲,JPMOJ,2025/01,未知,TWTPE
441,亞洲,JPMOJ,2025/01,未知,TWTXG
15,亞洲,JPMYJ,2025/01,未知,TWKHH
352,亞洲,JPMYJ,2025/01,未知,TWTXG
360,亞洲,JPNAH,2025/01,未知,TWKHH
236,亞洲,JPNAH,2025/01,未知,TWTXG
24,亞洲,JPNGO,2025/01,未知,TWKEL
1058,亞洲,JPNGO,2025/01,未知,TWKHH
156,亞洲,JPNGO,2025/01,未知,TWTPE
424,亞洲,JPNGO,2025/01,未知,TWTXG
6,亞洲,JPOIT,2025/01,未知,TWKHH
6,亞洲,JPOIT,2025/01,未知,TWTXG
102,亞洲,JPOSA,2025/01,未知,TWKEL
541,亞洲,JPOSA,2025/01,未知,TWKHH
6,亞洲,JPOSA,2025/01,未知,TWKHH
260,亞洲,JPOSA,2025/01,未知,TWTPE
88,亞洲,JPOSA,2025/01,未知,TWTXG
63,亞洲,JPSBS,2025/01,未知,TWKHH
204,亞洲,JPSBS,2025/01,未知,TWTXG
411,亞洲,JPSMZ,2025/01,未知,TWKHH
2,亞洲,JPSMZ,2025/01,未知,TWKHH
70,亞洲,JPSMZ,2025/01,未知,TWTPE
34,亞洲,JPSMZ,2025/01,未知,TWTXG
5,亞洲,JPTKY,2025/01,未知,TWKHH
140,亞洲,JPTYO,2025/01,未知,TWKEL
2185,亞洲,JPTYO,2025/01,未知,TWKHH
140,亞洲,JPTYO,2025/01,未知,TWKHH
60,亞洲,JPTYO,2025/01,未知,TWTXG
926,亞洲,JPTYO,2025/01,未知,TWTPE
1342,亞洲,JPTYO,2025/01,未知,TWTXG
45,亞洲,JPUKB,2025/01,未知,TWKEL
663,亞洲,JPUKB,2025/01,未知,TWKHH
70,亞洲,JPUKB,2025/01,未知,TWKHH
86,亞洲,JPUKB,2025/01,未知,TWTPE
251,亞洲,JPUKB,2025/01,未知,TWTXG
12,亞洲,JPYAT,2025/01,未知,TWKEL
52,亞洲,JPYAT,2025/01,未知,TWTXG
4,亞洲,JPYKH,2025/01,未知,TWTXG
30,亞洲,JPYKH,2025/01,未知,TWTPE
148,亞洲,JPYKK,2025/01,未知,TWKHH
227,亞洲,JPYKK,2025/01,未知,TWTXG
27,亞洲,JPYOK,2025/01,未知,TWKEL
275,亞洲,JPYOK,2025/01,未知,TWKHH
288,亞洲,JPYOK,2025/01,未知,TWTPE
392,亞洲,JPYOK,2025/01,未知,TWTXG
4,亞洲,KRKAN,2025/01,未知,TWTPE
9,亞洲,KRKAN,2025/01,未知,TWTXG
52,亞洲,KRPUS,2025/01,未知,TWKEL
612,亞洲,KRPUS,2025/01,未知,TWKHH
21,亞洲,KRPUS,2025/01,未知,TWTXG
8,亞洲,KRUSN,2025/01,未知,TWKHH
70,亞洲,LKCMB,2025/01,未知,TWKHH
102,大洋洲,MPSPN,2025/01,未知,TWKHH
153,北美洲,MXLZC,2025/01,未知,TWKHH
100,北美洲,MXZLO,2025/01,未知,TWKEL
2469,北美洲,MXZLO,2025/01,未知,TWKHH
501,亞洲,MYBKI,2025/01,未知,TWKHH
103,亞洲,MYBTU,2025/01,未知,TWKHH
225,亞洲,MYPEN,2025/01,未知,TWKHH
670,亞洲,MYPGU,2025/01,未知,TWKHH
1248,亞洲,MYPKG,2025/01,未知,TWKHH
1,亞洲,MYPKG,2025/01,未知,TWKHH
20,亞洲,MYPKG,2025/01,未知,TWTPE
9,亞洲,MYPTP,2025/01,未知,TWKHH
876,亞洲,MYTPP,2025/01,未知,TWKHH
1350,亞洲,MYTPP,2025/01,未知,TWTXG
150,大洋洲,NCNOU,2025/01,未知,TWKHH
3,大洋洲,NCPNY,2025/01,未知,TWKHH
377,歐洲,NLRTM,2025/01,未知,TWKHH
4,歐洲,NLRTM,2025/01,未知,TWTPE
40,大洋洲,NZAKL,2025/01,未知,TWKHH
4,大洋洲,NZTRG,2025/01,未知,TWKHH
772,北美洲,PAMIT,2025/01,未知,TWKHH
53,北美洲,PAROD,2025/01,未知,TWKHH
486,南美洲,PECLL,2025/01,未知,TWKHH
40,大洋洲,PGLAE,2025/01,未知,TWKHH
153,亞洲,PHBTG,2025/01,未知,TWKHH
500,亞洲,PHBTG,2025/01,未知,TWTXG
3939,亞洲,PHCEB,2025/01,未知,TWKHH
25,亞洲,PHCEB,2025/01,未知,TWKHO
638,亞洲,PHCEB,2025/01,未知,TWKHY
399,亞洲,PHCGY,2025/01,未知,TWKHH
2151,亞洲,PHDVO,2025/01,未知,TWKHH
476,亞洲,PHMNL,2025/01,未知,TWKHH
250,亞洲,PHMNL,2025/01,未知,TWKHH
195,亞洲,PHMNN,2025/01,未知,TWKAA
916,亞洲,PHMNN,2025/01,未知,TWKHH
153,亞洲,PHMNN,2025/01,未知,TWKAW
3763,亞洲,PHMNN,2025/01,未知,TWKHH
4101,亞洲,PHMNS,2025/01,未知,TWKHH
1019,亞洲,PHMNS,2025/01,未知,TWKHH
477,亞洲,PHSFS,2025/01,未知,TWKHH
60,亞洲,PKKHI,2025/01,未知,TWKHH
35,大洋洲,PWROR,2025/01,未知,TWKHH
100,歐洲,RUVVO,2025/01,未知,TWKEL
14,亞洲,SADMN,2025/01,未知,TWKHH
3,亞洲,SGSIN,2025/01,未知,TWKEL
1007,亞洲,SGSIN,2025/01,未知,TWKHH
23,亞洲,SGSIN,2025/01,未知,TWTPE
54,亞洲,SGSIN,2025/01,未知,TWTXG
822,亞洲,SGTUA,2025/01,未知,TWKHH
32,亞洲,THBKK,2025/01,未知,TWKHH
3,亞洲,THLCB,2025/01,未知,TWKEL
2091,亞洲,THLCH,2025/01,未知,TWKHH
15,亞洲,THLCH,2025/01,未知,TWKHH
9,亞洲,THLCH,2025/01,未知,TWTPE
109,亞洲,THLCH,2025/01,未知,TWTXG
20,大洋洲,TOTBU,2025/01,未知,TWKHH
18,歐洲,TRALI,2025/01,未知,TWKHH
252,歐洲,TRIST,2025/01,未知,TWKHH
100,歐洲,TRIZT,2025/01,未知,TWKHH
4,歐洲,TRMER,2025/01,未知,TWKHH
2520,亞洲,TWKEL,2025/01,未知,TWKHH
176,亞洲,TWKEL,2025/01,未知,TWTXG
4,亞洲,TWKHH,2025/01,未知,TWKEL
3505,亞洲,TWKHH,2025/01,未知,TWTXG
208,亞洲,TWTPE,2025/01,未知,TWKHH
690,亞洲,TWTPE,2025/01,未知,TWTXG
54,亞洲,TWTXG,2025/01,未知,TWKHH
348,北美洲,USBAL,2025/01,未知,TWKHH
22,北美洲,USBAL,2025/01,未知,TWTPE
1145,北美洲,USHOU,2025/01,未知,TWKHH
466,北美洲,USLAX,2025/01,未知,TWKEL
9755,北美洲,USLAX,2025/01,未知,TWKHH
2448,北美洲,USLAX,2025/01,未知,TWKHH
480,北美洲,USLAX,2025/01,未知,TWTPE
425,北美洲,USLGB,2025/01,未知,TWKHH
360,北美洲,USLPC,2025/01,未知,TWKHH
115,北美洲,USMOB,2025/01,未知,TWKHH
2979,北美洲,USNYC,2025/01,未知,TWKHH
160,北美洲,USNYC,2025/01,未知,TWTPE
464,北美洲,USOAK,2025/01,未知,TWKHH
179,北美洲,USOKL,2025/01,未知,TWKHH
338,北美洲,USORF,2025/01,未知,TWKHH
857,北美洲,USSAV,2025/01,未知,TWKHH
8,北美洲,USSEA,2025/01,未知,TWKHH
120,北美洲,USSEA,2025/01,未知,TWKHH
232,北美洲,USTCM,2025/01,未知,TWKHH
927,北美洲,USTIW,2025/01,未知,TWKHH
16,北美洲,USVDZ,2025/01,未知,TWKHH
232,亞洲,VNCLI,2025/01,未知,TWKHH
416,亞洲,VNDAD,2025/01,未知,TWKHH
2,亞洲,VNHPH,2025/01,未知,TWKHH
371,亞洲,VNHPH,2025/01,未知,TWKHH
156,亞洲,VNSGN,2025/01,未知,TWKHH
32,亞洲,VNTOT,2025/01,未知,TWKHH
30,大洋洲,VUSAN,2025/01,未知,TWKHH
42,大洋洲,WSAPW,2025/01,未知,TWKHH
377,非洲,ZACPT,2025/01,未知,TWKHH
286,亞洲,AEDXB,2025/02,未知,TWKHH
935,亞洲,AEJEA,2025/02,未知,TWKHH
976,大洋洲,AUBNE,2025/02,未知,TWKHH
918,大洋洲,AUMEL,2025/02,未知,TWKHH
121,大洋洲,AUSYD,2025/02,未知,TWKHH
40,歐洲,BEANR,2025/02,未知,TWKHH
240,亞洲,BNMUA,2025/02,未知,TWKHH
2411,北美洲,CAVAN,2025/02,未知,TWKHH
2,亞洲,CNFOC,2025/02,未知,TWKHH
36,亞洲,CNLYG,2025/02,未知,TWKHH
20,亞洲,CNMAW,2025/02,未知,TWKHH
50,亞洲,CNNGB,2025/02,未知,TWKHH
6,亞洲,CNNGB,2025/02,未知,TWTPE
3,亞洲,CNNGB,2025/02,未知,TWTXG
2,亞洲,CNNSA,2025/02,未知,TWKEL
12,亞洲,CNNSA,2025/02,未知,TWKHH
3,亞洲,CNRZH,2025/02,未知,TWKHH
3,亞洲,CNRZH,2025/02,未知,TWTXG
101,亞洲,CNSHG,2025/02,未知,TWKEL
269,亞洲,CNSHG,2025/02,未知,TWKHH
95,亞洲,CNSHG,2025/02,未知,TWTXG
60,亞洲,CNTCA,2025/02,未知,TWKEL
50,亞洲,CNTCA,2025/02,未知,TWKHH
123,亞洲,CNTCA,2025/02,未知,TWTXG
20,亞洲,CNXGG,2025/02,未知,TWKHH
12,亞洲,CNXMN,2025/02,未知,TWKEL
13,亞洲,CNXMN,2025/02,未知,TWKHH
10,亞洲,CNXMN,2025/02,未知,TWTXG
9,亞洲,CNXMN,2025/02,未知,TWTXG
44,南美洲,COCTG,2025/02,未知,TWKHH
425,歐洲,DEHAM,2025/02,未知,TWKHH
4,歐洲,DESTM,2025/02,未知,TWKHH
209,南美洲,ECGYE,2025/02,未知,TWKHH
136,南美洲,ECGYE,2025/02,未知,TWTPE
28,非洲,EGDAM,2025/02,未知,TWKHH
4,歐洲,ESBCN,2025/02,未知,TWKHH
2,歐洲,FRMGS,2025/02,未知,TWKHH
1,歐洲,GBFXT,2025/02,未知,TWKHH
124,歐洲,GBSOU,2025/02,未知,TWKHH
40,北美洲,GTPRQ,2025/02,未知,TWKHH
3,大洋洲,GUGUM,2025/02,未知,TWKHH
555,亞洲,HKHIT,2025/02,未知,TWKHH
130,亞洲,HKHKG,2025/02,未知,TWKHH
251,亞洲,HKHKG,2025/02,未知,TWKEL
572,亞洲,HKHKG,2025/02,未知,TWKHH
36,亞洲,HKHKG,2025/02,未知,TWTPE
426,亞洲,IDJKT,2025/02,未知,TWKHH
63,亞洲,IDJKT,2025/02,未知,TWTPE
4,亞洲,IDJKT,2025/02,未知,TWTXG
139,亞洲,IDSRG,2025/02,未知,TWKHH
164,亞洲,IDSRG,2025/02,未知,TWTPE
100,亞洲,IDSUB,2025/02,未知,TWKHH
22,亞洲,IDSUB,2025/02,未知,TWTPE
40,亞洲,ILASH,2025/02,未知,TWKHH
16,亞洲,INKAT,2025/02,未知,TWKHH
26,亞洲,INMAA,2025/02,未知,TWKHH
243,亞洲,INNSA,2025/02,未知,TWKHH
1299,亞洲,IQUQR,2025/02,未知,TWKHH
25,亞洲,JPFKY,2025/02,未知,TWKHH
24,亞洲,JPFKY,2025/02,未知,TWTXG
16,亞洲,JPHIJ,2025/02,未知,TWKHH
143,亞洲,JPHKT,2025/02,未知,TWKHH
10,亞洲,JPHKT,2025/02,未知,TWKHH
14,亞洲,JPHKT,2025/02,未知,TWTPE
22,亞洲,JPHKT,2025/02,未知,TWTXG
2,亞洲,JPHSM,2025/02,未知,TWKHH
18,亞洲,JPIWK,2025/02,未知,TWKHH
21,亞洲,JPKBE,2025/02,未知,TWKHH
11,亞洲,JPMIZ,2025/02,未知,TWKHH
1,亞洲,JPMOJ,2025/02,未知,TWKEL
51,亞洲,JPMOJ,2025/02,未知,TWKHH
2,亞洲,JPMOJ,2025/02,未知,TWKHH
219,亞洲,JPMOJ,2025/02,未知,TWTPE
94,亞洲,JPMOJ,2025/02,未知,TWTXG
21,亞洲,JPMYJ,2025/02,未知,TWKHH
278,亞洲,JPMYJ,2025/02,未知,TWTXG
627,亞洲,JPNAH,2025/02,未知,TWKHH
171,亞洲,JPNAH,2025/02,未知,TWTXG
1,亞洲,JPNGO,2025/02,未知,TWKEL
645,亞洲,JPNGO,2025/02,未知,TWKHH
4,亞洲,JPNGO,2025/02,未知,TWKHH
154,亞洲,JPNGO,2025/02,未知,TWTPE
252,亞洲,JPNGO,2025/02,未知,TWTXG
83,亞洲,JPOIT,2025/02,未知,TWKHH
16,亞洲,JPOIT,2025/02,未知,TWTXG
50,亞洲,JPOSA,2025/02,未知,TWKEL
504,亞洲,JPOSA,2025/02,未知,TWKHH
307,亞洲,JPOSA,2025/02,未知,TWTPE
444,亞洲,JPOSA,2025/02,未知,TWTXG
20,亞洲,JPOSK,2025/02,未知,TWKHH
132,亞洲,JPSBS,2025/02,未知,TWKHH
95,亞洲,JPSBS,2025/02,未知,TWTXG
610,亞洲,JPSMZ,2025/02,未知,TWKHH
64,亞洲,JPSMZ,2025/02,未知,TWTPE
12,亞洲,JPSMZ,2025/02,未知,TWTXG
102,亞洲,JPTYO,2025/02,未知,TWKEL
1833,亞洲,JPTYO,2025/02,未知,TWKHH
1,亞洲,JPTYO,2025/02,未知,TWKHH
1000,亞洲,JPTYO,2025/02,未知,TWTPE
817,亞洲,JPTYO,2025/02,未知,TWTXG
50,亞洲,JPUKB,2025/02,未知,TWKEL
1176,亞洲,JPUKB,2025/02,未知,TWKHH
30,亞洲,JPUKB,2025/02,未知,TWKHH
45,亞洲,JPUKB,2025/02,未知,TWTPE
58,亞洲,JPUKB,2025/02,未知,TWTXG
3,亞洲,JPYAT,2025/02,未知,TWKHH
84,亞洲,JPYAT,2025/02,未知,TWTXG
77,亞洲,JPYKK,2025/02,未知,TWKHH
2,亞洲,JPYKK,2025/02,未知,TWKHH
110,亞洲,JPYKK,2025/02,未知,TWTPE
188,亞洲,JPYKK,2025/02,未知,TWTXG
40,亞洲,JPYOK,2025/02,未知,TWKEL
523,亞洲,JPYOK,2025/02,未知,TWKHH
1,亞洲,JPYOK,2025/02,未知,TWKHH
148,亞洲,JPYOK,2025/02,未知,TWTPE
690,亞洲,JPYOK,2025/02,未知,TWTXG
2,亞洲,KRKAN,2025/02,未知,TWKHH
19,亞洲,KRPUS,2025/02,未知,TWKEL
1152,亞洲,KRPUS,2025/02,未知,TWKHH
12,亞洲,KRPUS,2025/02,未知,TWTPE
140,亞洲,KRPUS,2025/02,未知,TWTXG
4,亞洲,KRUSN,2025/02,未知,TWKHH
108,亞洲,LKCMB,2025/02,未知,TWKHH
106,北美洲,MXLZC,2025/02,未知,TWKEL
504,北美洲,MXLZC,2025/02,未知,TWKHH
18,北美洲,MXZLO,2025/02,未知,TWKEL
1924,北美洲,MXZLO,2025/02,未知,TWKHH
3679,北美洲,MXZLO,2025/02,未知,TWTPE
217,亞洲,MYBKI,2025/02,未知,TWKHH
30,亞洲,MYBTU,2025/02,未知,TWKHH
102,亞洲,MYPEN,2025/02,未知,TWKHH
20,亞洲,MYPEN,2025/02,未知,TWTPE
43,亞洲,MYPGU,2025/02,未知,TWKHH
14,亞洲,MYPGU,2025/02,未知,TWTPE
1800,亞洲,MYPKG,2025/02,未知,TWKHH
87,亞洲,MYPKG,2025/02,未知,TWTPE
25,亞洲,MYPKG,2025/02,未知,TWTXG
276,亞洲,MYPTP,2025/02,未知,TWKHH
1,亞洲,MYPTP,2025/02,未知,TWKHH
80,亞洲,MYTPP,2025/02,未知,TWKHH
2063,亞洲,MYTPP,2025/02,未知,TWKHH
341,歐洲,NLRTM,2025/02,未知,TWKHH
238,大洋洲,NZAKL,2025/02,未知,TWKHH
1,大洋洲,NZBLU,2025/02,未知,TWKHH
21,大洋洲,NZLYT,2025/02,未知,TWKHH
13,大洋洲,NZNPE,2025/02,未知,TWKHH
16,大洋洲,NZWLG,2025/02,未知,TWKHH
2,北美洲,PACCT,2025/02,未知,TWKHH
586,亞洲,PHBTG,2025/02,未知,TWTXG
4589,亞洲,PHCEB,2025/02,未知,TWKHH
8,亞洲,PHCEB,2025/02,未知,TWKHO
291,亞洲,PHCEB,2025/02,未知,TWKHY
162,亞洲,PHCGY,2025/02,未知,TWKHH
662,亞洲,PHDVO,2025/02,未知,TWKHH
18,亞洲,PHGES,2025/02,未知,TWKHH
832,亞洲,PHMNL,2025/02,未知,TWKHH
104,亞洲,PHMNN,2025/02,未知,TWKAA
870,亞洲,PHMNN,2025/02,未知,TWKHH
343,亞洲,PHMNN,2025/02,未知,TWKAW
2745,亞洲,PHMNN,2025/02,未知,TWKHH
297,亞洲,PHMNN,2025/02,未知,TWKHW
7390,亞洲,PHMNS,2025/02,未知,TWKHH
646,亞洲,PHMNS,2025/02,未知,TWKHH
954,亞洲,PHMNS,2025/02,未知,TWKHW
662,亞洲,PHSFS,2025/02,未知,TWKHH
132,亞洲,PKKHI,2025/02,未知,TWKHH
5,大洋洲,PWROR,2025/02,未知,TWKHH
60,歐洲,RUVVO,2025/02,未知,TWTXG
238,亞洲,SADMN,2025/02,未知,TWKHH
429,亞洲,SGSIN,2025/02,未知,TWKHH
34,亞洲,SGSIN,2025/02,未知,TWTPE
148,亞洲,SGSIN,2025/02,未知,TWTXG
496,亞洲,SGTUA,2025/02,未知,TWKHH
6,亞洲,THBKK,2025/02,未知,TWKHH
4,亞洲,THBKK,2025/02,未知,TWTXG
8,亞洲,THLCB,2025/02,未知,TWTXG
97,亞洲,THLCH,2025/02,未知,TWKHH
3,亞洲,THLCH,2025/02,未知,TWTPE
9,亞洲,THLCH,2025/02,未知,TWTXG
92,歐洲,TRIST,2025/02,未知,TWKHH
70,歐洲,TRIZT,2025/02,未知,TWKHH
50,歐洲,TRMER,2025/02,未知,TWKHH
1297,亞洲,TWKEL,2025/02,未知,TWKHH
68,亞洲,TWKEL,2025/02,未知,TWTXG
30,亞洲,TWKHH,2025/02,未知,TWKEL
39,亞洲,TWKHH,2025/02,未知,TWTPE
1565,亞洲,TWKHH,2025/02,未知,TWTXG
521,亞洲,TWTPE,2025/02,未知,TWKHH
70,亞洲,TWTPE,2025/02,未知,TWTXG
15,亞洲,TWTXG,2025/02,未知,TWKHH
211,北美洲,USBAL,2025/02,未知,TWKHH
744,北美洲,USHOU,2025/02,未知,TWKHH
828,北美洲,USLAX,2025/02,未知,TWKEL
13228,北美洲,USLAX,2025/02,未知,TWKHH
1144,北美洲,USLAX,2025/02,未知,TWKHH
1118,北美洲,USLAX,2025/02,未知,TWTPE
862,北美洲,USLGB,2025/02,未知,TWKHH
22,北美洲,USMOB,2025/02,未知,TWKHH
485,北美洲,USNYC,2025/02,未知,TWKHH
10,北美洲,USNYC,2025/02,未知,TWKHH
274,北美洲,USNYC,2025/02,未知,TWTPE
886,北美洲,USOAK,2025/02,未知,TWKHH
24,北美洲,USOAK,2025/02,未知,TWTPE
225,北美洲,USOKL,2025/02,未知,TWKHH
284,北美洲,USOKL,2025/02,未知,TWTPE
693,北美洲,USORF,2025/02,未知,TWKHH
1,北美洲,USORF,2025/02,未知,TWTPE
1882,北美洲,USSAV,2025/02,未知,TWKHH
60,北美洲,USSEA,2025/02,未知,TWKHH
157,北美洲,USTCM,2025/02,未知,TWKHH
1489,北美洲,USTIW,2025/02,未知,TWKHH
14,北美洲,USTIW,2025/02,未知,TWTPE
52,亞洲,VNCLI,2025/02,未知,TWKHH
39,亞洲,VNCLI,2025/02,未知,TWTXG
20,亞洲,VNDAD,2025/02,未知,TWKHH
8,亞洲,VNDAD,2025/02,未知,TWTXG
180,亞洲,VNHPH,2025/02,未知,TWKHH
3,亞洲,VNSGN,2025/02,未知,TWKHH
128,亞洲,VNTOT,2025/02,未知,TWKHH
120,亞洲,VNVUT,2025/02,未知,TWKHH
386,非洲,ZACPT,2025/02,未知,TWKHH
25,非洲,ZADUR,2025/02,未知,TWKHH
46,亞洲,AEJEA,2025/03,未知,TWKHH
55,大洋洲,ASPPG,2025/03,未知,TWKHH
277,大洋洲,AUBNE,2025/03,未知,TWKHH
665,大洋洲,AUMEL,2025/03,未知,TWKHH
402,大洋洲,AUSYD,2025/03,未知,TWKHH
68,歐洲,BEANR,2025/03,未知,TWKHH
32,亞洲,BNMUA,2025/03,未知,TWKHH
1343,北美洲,CAVAN,2025/03,未知,TWKHH
4,亞洲,CNDMY,2025/03,未知,TWKEL
22,亞洲,CNFOC,2025/03,未知,TWKHH
20,亞洲,CNFZU,2025/03,未知,TWKHH
3,亞洲,CNHSK,2025/03,未知,TWKEL
2,亞洲,CNLYG,2025/03,未知,TWKHH
25,亞洲,CNNGB,2025/03,未知,TWKHH
3,亞洲,CNNGB,2025/03,未知,TWTPE
1,亞洲,CNNGB,2025/03,未知,TWTXG
4,亞洲,CNNSA,2025/03,未知,TWKEL
16,亞洲,CNNSA,2025/03,未知,TWKHH
30,亞洲,CNPTJ,2025/03,未知,TWTPE
2,亞洲,CNRZH,2025/03,未知,TWKEL
3,亞洲,CNRZH,2025/03,未知,TWKHH
123,亞洲,CNSHG,2025/03,未知,TWKEL
569,亞洲,CNSHG,2025/03,未知,TWKHH
213,亞洲,CNSHG,2025/03,未知,TWTXG
2,亞洲,CNSHK,2025/03,未知,TWKEL
2,亞洲,CNSHK,2025/03,未知,TWKHH
43,亞洲,CNTCA,2025/03,未知,TWKEL
60,亞洲,CNTCA,2025/03,未知,TWKHH
181,亞洲,CNTCA,2025/03,未知,TWTXG
2,亞洲,CNTSN,2025/03,未知,TWKEL
56,亞洲,CNXGG,2025/03,未知,TWKHH
12,亞洲,CNXGG,2025/03,未知,TWKHH
233,亞洲,CNXMN,2025/03,未知,TWKHH
69,亞洲,CNXMN,2025/03,未知,TWTXG
1,亞洲,CNXMN,2025/03,未知,TWTPE
14,亞洲,CNXMN,2025/03,未知,TWTXG
2,亞洲,CNXSM,2025/03,未知,TWTXG
62,南美洲,COBUN,2025/03,未知,TWKHH
452,歐洲,DEHAM,2025/03,未知,TWKHH
458,南美洲,ECGYE,2025/03,未知,TWKHH
26,非洲,EGDAM,2025/03,未知,TWKHH
118,大洋洲,FJSUV,2025/03,未知,TWKHH
3,大洋洲,FMYAP,2025/03,未知,TWKHH
18,歐洲,GBCAX,2025/03,未知,TWKHH
4,歐洲,GBFXT,2025/03,未知,TWKHH
104,歐洲,GBFXT,2025/03,未知,TWTPE
7,歐洲,GBSOU,2025/03,未知,TWKHH
1,歐洲,GRPIR,2025/03,未知,TWKHH
78,北美洲,GTPRQ,2025/03,未知,TWKHH
1101,亞洲,HKHKG,2025/03,未知,TWKEL
1730,亞洲,HKHKG,2025/03,未知,TWKHH
6,亞洲,HKHKG,2025/03,未知,TWTPE
20,亞洲,HKHKG,2025/03,未知,TWTXG
33,亞洲,IDJKT,2025/03,未知,TWKHH
169,亞洲,IDJKT,2025/03,未知,TWTPE
31,亞洲,IDSRG,2025/03,未知,TWKHH
67,亞洲,IDSRG,2025/03,未知,TWTPE
231,亞洲,IDSUB,2025/03,未知,TWKHH
182,亞洲,IDSUB,2025/03,未知,TWTPE
34,亞洲,ILASH,2025/03,未知,TWKHH
22,亞洲,INKAT,2025/03,未知,TWKHH
628,亞洲,INNSA,2025/03,未知,TWKHH
153,亞洲,IQUQR,2025/03,未知,TWKHH
1,歐洲,ITGOA,2025/03,未知,TWKHH
80,亞洲,JPCHB,2025/03,未知,TWKEL
55,亞洲,JPFKY,2025/03,未知,TWTXG
30,亞洲,JPHIJ,2025/03,未知,TWTXG
268,亞洲,JPHKT,2025/03,未知,TWKHH
3,亞洲,JPHKT,2025/03,未知,TWTPE
158,亞洲,JPHKT,2025/03,未知,TWTXG
4,亞洲,JPHSM,2025/03,未知,TWKHH
4,亞洲,JPKWS,2025/03,未知,TWTPE
10,亞洲,JPKWS,2025/03,未知,TWTXG
1,亞洲,JPMIZ,2025/03,未知,TWKHH
7,亞洲,JPMIZ,2025/03,未知,TWTXG
36,亞洲,JPMOJ,2025/03,未知,TWKHH
138,亞洲,JPMOJ,2025/03,未知,TWTPE
376,亞洲,JPMOJ,2025/03,未知,TWTXG
18,亞洲,JPMYJ,2025/03,未知,TWKHH
180,亞洲,JPMYJ,2025/03,未知,TWTXG
376,亞洲,JPNAH,2025/03,未知,TWKHH
17,亞洲,JPNAH,2025/03,未知,TWKHH
186,亞洲,JPNAH,2025/03,未知,TWTXG
72,亞洲,JPNGO,2025/03,未知,TWKEL
1113,亞洲,JPNGO,2025/03,未知,TWKHH
235,亞洲,JPNGO,2025/03,未知,TWTPE
760,亞洲,JPNGO,2025/03,未知,TWTXG
24,亞洲,JPOIT,2025/03,未知,TWKHH
60,亞洲,JPOIT,2025/03,未知,TWTXG
36,亞洲,JPOSA,2025/03,未知,TWKEL
220,亞洲,JPOSA,2025/03,未知,TWKHH
240,亞洲,JPOSA,2025/03,未知,TWTPE
144,亞洲,JPOSA,2025/03,未知,TWTXG
155,亞洲,JPSBS,2025/03,未知,TWKHH
16,亞洲,JPSBS,2025/03,未知,TWKHH
244,亞洲,JPSBS,2025/03,未知,TWTXG
322,亞洲,JPSMZ,2025/03,未知,TWKHH
23,亞洲,JPSMZ,2025/03,未知,TWTPE
392,亞洲,JPSMZ,2025/03,未知,TWTXG
8,亞洲,JPTKY,2025/03,未知,TWKHH
70,亞洲,JPTYO,2025/03,未知,TWKEL
2173,亞洲,JPTYO,2025/03,未知,TWKHH
964,亞洲,JPTYO,2025/03,未知,TWTPE
1826,亞洲,JPTYO,2025/03,未知,TWTXG
111,亞洲,JPUKB,2025/03,未知,TWKEL
739,亞洲,JPUKB,2025/03,未知,TWKHH
4,亞洲,JPUKB,2025/03,未知,TWKHH
61,亞洲,JPUKB,2025/03,未知,TWTPE
258,亞洲,JPUKB,2025/03,未知,TWTXG
2,亞洲,JPYAT,2025/03,未知,TWKHH
42,亞洲,JPYAT,2025/03,未知,TWTXG
38,亞洲,JPYKH,2025/03,未知,TWKHH
244,亞洲,JPYKK,2025/03,未知,TWKHH
48,亞洲,JPYKK,2025/03,未知,TWTXG
26,亞洲,JPYOK,2025/03,未知,TWKEL
911,亞洲,JPYOK,2025/03,未知,TWKHH
125,亞洲,JPYOK,2025/03,未知,TWTPE
673,亞洲,JPYOK,2025/03,未知,TWTXG
24,亞洲,KRCHA,2025/03,未知,TWKHH
40,亞洲,KRICH,2025/03,未知,TWKHH
2,亞洲,KRICH,2025/03,未知,TWKHH
15,亞洲,KRINC,2025/03,未知,TWKHH
20,亞洲,KRKAN,2025/03,未知,TWKHH
300,亞洲,KRKAN,2025/03,未知,TWTPE
8,亞洲,KRKAN,2025/03,未知,TWTXG
47,亞洲,KRPUS,2025/03,未知,TWKEL
4203,亞洲,KRPUS,2025/03,未知,TWKHH
60,亞洲,KRPUS,2025/03,未知,TWKHH
215,亞洲,KRPUS,2025/03,未知,TWTXG
2,亞洲,LKCMB,2025/03,未知,TWKHH
44,亞洲,LKCMB,2025/03,未知,TWTPE
26,非洲,LRUCN,2025/03,未知,TWKHH
5,北美洲,MXLZC,2025/03,未知,TWKEL
461,北美洲,MXLZC,2025/03,未知,TWKHH
282,北美洲,MXZLO,2025/03,未知,TWKEL
2278,北美洲,MXZLO,2025/03,未知,TWKHH
1096,亞洲,MYBKI,2025/03,未知,TWKHH
26,亞洲,MYBTU,2025/03,未知,TWKHH
16,亞洲,MYKUA,2025/03,未知,TWKHH
82,亞洲,MYPEN,2025/03,未知,TWKHH
4,亞洲,MYPEN,2025/03,未知,TWTPE
970,亞洲,MYPGU,2025/03,未知,TWKHH
1241,亞洲,MYPKG,2025/03,未知,TWKHH
79,亞洲,MYPKG,2025/03,未知,TWTPE
21,亞洲,MYPKG,2025/03,未知,TWTXG
176,亞洲,MYTPP,2025/03,未知,TWKHH
2,亞洲,MYTPP,2025/03,未知,TWTXG
80,大洋洲,NCNOU,2025/03,未知,TWKHH
35,大洋洲,NCPNY,2025/03,未知,TWKHH
524,歐洲,NLRTM,2025/03,未知,TWKHH
14,歐洲,NLRTM,2025/03,未知,TWTPE
27,大洋洲,NZAKL,2025/03,未知,TWKEL
9,北美洲,PABLB,2025/03,未知,TWKHH
2,北美洲,PAMIT,2025/03,未知,TWKHH
283,南美洲,PECLL,2025/03,未知,TWKHH
999,亞洲,PHBTG,2025/03,未知,TWTXG
1303,亞洲,PHCEB,2025/03,未知,TWKHH
26,亞洲,PHCEB,2025/03,未知,TWKHO
846,亞洲,PHCEB,2025/03,未知,TWKHY
1,亞洲,PHCGY,2025/03,未知,TWKHH
1370,亞洲,PHDVO,2025/03,未知,TWKHH
12,亞洲,PHGES,2025/03,未知,TWKHH
1193,亞洲,PHMJJ,2025/03,未知,TWKHH
48,亞洲,PHMNL,2025/03,未知,TWKHH
11,亞洲,PHMNL,2025/03,未知,TWKHH
501,亞洲,PHMNN,2025/03,未知,TWKAA
2518,亞洲,PHMNN,2025/03,未知,TWKHH
2554,亞洲,PHMNN,2025/03,未知,TWKHH
270,亞洲,PHMNN,2025/03,未知,TWKHW
7098,亞洲,PHMNS,2025/03,未知,TWKHH
879,亞洲,PHMNS,2025/03,未知,TWKHH
612,亞洲,PHMNS,2025/03,未知,TWKHW
1193,亞洲,PHSFS,2025/03,未知,TWKHH
50,亞洲,PKKHI,2025/03,未知,TWKHH
10,大洋洲,PWROR,2025/03,未知,TWKHH
6,亞洲,SADMN,2025/03,未知,TWKHH
1595,亞洲,SGSIN,2025/03,未知,TWKHH
36,亞洲,SGSIN,2025/03,未知,TWTPE
19,亞洲,SGSIN,2025/03,未知,TWTXG
30,亞洲,THBKK,2025/03,未知,TWKHH
46,亞洲,THLCB,2025/03,未知,TWKHH
188,亞洲,THLCH,2025/03,未知,TWKHH
20,亞洲,THLCH,2025/03,未知,TWKHH
17,亞洲,THLCH,2025/03,未知,TWTPE
21,亞洲,THLCH,2025/03,未知,TWTXG
118,歐洲,TRALI,2025/03,未知,TWKHH
104,歐洲,TRIST,2025/03,未知,TWKHH
28,歐洲,TRMER,2025/03,未知,TWKHH
2,亞洲,TWKHH,2025/03,未知,TWKEL
4,亞洲,TWKHH,2025/03,未知,TWKHH
542,亞洲,TWKEL,2025/03,未知,TWKHH
472,亞洲,TWKEL,2025/03,未知,TWTXG
2,亞洲,TWKHH,2025/03,未知,TWKEL
147,亞洲,TWKHH,2025/03,未知,TWTXG
49,亞洲,TWKHH,2025/03,未知,TWTPE
2109,亞洲,TWKHH,2025/03,未知,TWTXG
22,亞洲,TWKHH,2025/03,未知,TWTXG
287,亞洲,TWTPE,2025/03,未知,TWKHH
600,亞洲,TWTPE,2025/03,未知,TWTXG
171,亞洲,TWTXG,2025/03,未知,TWKHH
442,北美洲,USBAL,2025/03,未知,TWKHH
2486,北美洲,USHOU,2025/03,未知,TWKHH
796,北美洲,USLAX,2025/03,未知,TWKEL
17334,北美洲,USLAX,2025/03,未知,TWKHH
545,北美洲,USLAX,2025/03,未知,TWTPE
1676,北美洲,USLGB,2025/03,未知,TWKHH
44,北美洲,USLGB,2025/03,未知,TWTPE
1,北美洲,USLPC,2025/03,未知,TWKHH
56,北美洲,USMOB,2025/03,未知,TWKHH
6158,北美洲,USNYC,2025/03,未知,TWKHH
216,北美洲,USNYC,2025/03,未知,TWTPE
2172,北美洲,USOAK,2025/03,未知,TWKHH
933,北美洲,USORF,2025/03,未知,TWKHH
849,北美洲,USSAV,2025/03,未知,TWKHH
120,北美洲,USSEA,2025/03,未知,TWKHH
498,北美洲,USTIW,2025/03,未知,TWKHH
14,北美洲,USTIW,2025/03,未知,TWTPE
30,亞洲,VNCLI,2025/03,未知,TWKHH
40,亞洲,VNCLI,2025/03,未知,TWTPE
1,亞洲,VNCLI,2025/03,未知,TWTXG
5,亞洲,VNDAD,2025/03,未知,TWKHH
242,亞洲,VNHPH,2025/03,未知,TWKHH
61,大洋洲,VUSAN,2025/03,未知,TWKHH
65,大洋洲,WSAPW,2025/03,未知,TWKHH
198,非洲,ZACPT,2025/03,未知,TWKHH
71,亞洲,AEJEA,2025/04,未知,TWKHH
133,大洋洲,AUBNE,2025/04,未知,TWKHH
309,大洋洲,AUMEL,2025/04,未知,TWKHH
185,大洋洲,AUSYD,2025/04,未知,TWKHH
2,歐洲,BEANR,2025/04,未知,TWKHH
122,亞洲,BNMUA,2025/04,未知,TWKHH
2363,北美洲,CAVAN,2025/04,未知,TWKHH
98,南美洲,CLSVE,2025/04,未知,TWKEL
27,南美洲,CLVAP,2025/04,未知,TWKEL
1,亞洲,CNDLC,2025/04,未知,TWKHH
40,亞洲,CNFOC,2025/04,未知,TWKHH
1,亞洲,CNLYG,2025/04,未知,TWKEL
4,亞洲,CNLYG,2025/04,未知,TWKHH
80,亞洲,CNLYG,2025/04,未知,TWTXG
27,亞洲,CNNGB,2025/04,未知,TWKHH
30,亞洲,CNNGB,2025/04,未知,TWTXG
3,亞洲,CNNGB,2025/04,未知,TWTPE
28,亞洲,CNNSA,2025/04,未知,TWKEL
339,亞洲,CNNSA,2025/04,未知,TWKHH
40,亞洲,CNNSA,2025/04,未知,TWTXG
8,亞洲,CNRZH,2025/04,未知,TWKHH
156,亞洲,CNSHG,2025/04,未知,TWKEL
250,亞洲,CNSHG,2025/04,未知,TWKHH
36,亞洲,CNSHG,2025/04,未知,TWTXG
65,亞洲,CNSHG,2025/04,未知,TWTXG
2,亞洲,CNSHK,2025/04,未知,TWTXG
43,亞洲,CNTCA,2025/04,未知,TWKEL
246,亞洲,CNTCA,2025/04,未知,TWKHH
236,亞洲,CNTCA,2025/04,未知,TWTXG
8,亞洲,CNXGG,2025/04,未知,TWKHH
6,亞洲,CNXGG,2025/04,未知,TWKHH
18,亞洲,CNXGG,2025/04,未知,TWTXG
33,亞洲,CNXMN,2025/04,未知,TWKEL
174,亞洲,CNXMN,2025/04,未知,TWKHH
6,亞洲,CNXMN,2025/04,未知,TWKHH
206,亞洲,CNXMN,2025/04,未知,TWTXG
9,亞洲,CNXMN,2025/04,未知,TWTXG
4,亞洲,CNXSM,2025/04,未知,TWKHH
18,南美洲,COBUN,2025/04,未知,TWKHH
92,歐洲,DEHAM,2025/04,未知,TWKHH
281,南美洲,ECGYE,2025/04,未知,TWKHH
598,南美洲,ECGYE,2025/04,未知,TWTPE
196,非洲,EGDAM,2025/04,未知,TWKHH
1,歐洲,GBFXT,2025/04,未知,TWKHH
44,歐洲,GBFXT,2025/04,未知,TWTPE
91,北美洲,GTPRQ,2025/04,未知,TWKHH
924,北美洲,GTPRQ,2025/04,未知,TWTPE
52,大洋洲,GUGUM,2025/04,未知,TWKHH
2,亞洲,HKHKG,2025/04,未知,TWKEL
918,亞洲,HKHKG,2025/04,未知,TWKHH
1,亞洲,IDDKT,2025/04,未知,TWKHH
187,亞洲,IDJKT,2025/04,未知,TWKHH
36,亞洲,IDJKT,2025/04,未知,TWTPE
1224,亞洲,IDJKT,2025/04,未知,TWTXG
322,亞洲,IDSRG,2025/04,未知,TWKHH
182,亞洲,IDSRG,2025/04,未知,TWKHH
454,亞洲,IDSRG,2025/04,未知,TWTPE
88,亞洲,IDSUB,2025/04,未知,TWKHH
2,亞洲,IDSUB,2025/04,未知,TWKHH
429,亞洲,IDSUB,2025/04,未知,TWTPE
100,亞洲,ILASH,2025/04,未知,TWKHH
4,亞洲,INMAA,2025/04,未知,TWKHH
81,亞洲,INNSA,2025/04,未知,TWKHH
32,亞洲,IQUQR,2025/04,未知,TWKHH
42,亞洲,JPHIJ,2025/04,未知,TWKHH
150,亞洲,JPHKT,2025/04,未知,TWKHH
279,亞洲,JPHKT,2025/04,未知,TWTPE
64,亞洲,JPHKT,2025/04,未知,TWTXG
3,亞洲,JPHSM,2025/04,未知,TWKHH
12,亞洲,JPKWS,2025/04,未知,TWTXG
3,亞洲,JPMOJ,2025/04,未知,TWKEL
216,亞洲,JPMOJ,2025/04,未知,TWKHH
260,亞洲,JPMOJ,2025/04,未知,TWTPE
284,亞洲,JPMOJ,2025/04,未知,TWTXG
63,亞洲,JPMYJ,2025/04,未知,TWKHH
166,亞洲,JPMYJ,2025/04,未知,TWTXG
578,亞洲,JPNAH,2025/04,未知,TWKHH
55,亞洲,JPNAH,2025/04,未知,TWTXG
4,亞洲,JPNGO,2025/04,未知,TWKEL
910,亞洲,JPNGO,2025/04,未知,TWKHH
20,亞洲,JPNGO,2025/04,未知,TWKHH
150,亞洲,JPNGO,2025/04,未知,TWTPE
210,亞洲,JPNGO,2025/04,未知,TWTXG
17,亞洲,JPOIT,2025/04,未知,TWKHH
63,亞洲,JPOIT,2025/04,未知,TWTXG
163,亞洲,JPOSA,2025/04,未知,TWKEL
1157,亞洲,JPOSA,2025/04,未知,TWKHH
823,亞洲,JPOSA,2025/04,未知,TWTPE
331,亞洲,JPOSA,2025/04,未知,TWTXG
89,亞洲,JPSBS,2025/04,未知,TWKHH
501,亞洲,JPSBS,2025/04,未知,TWTXG
789,亞洲,JPSMZ,2025/04,未知,TWKHH
24,亞洲,JPSMZ,2025/04,未知,TWTPE
300,亞洲,JPSMZ,2025/04,未知,TWTXG
12,亞洲,JPTKY,2025/04,未知,TWKHH
60,亞洲,JPTKY,2025/04,未知,TWTPE
236,亞洲,JPTYO,2025/04,未知,TWKEL
2378,亞洲,JPTYO,2025/04,未知,TWKHH
1505,亞洲,JPTYO,2025/04,未知,TWTPE
2493,亞洲,JPTYO,2025/04,未知,TWTXG
32,亞洲,JPUKB,2025/04,未知,TWKEL
996,亞洲,JPUKB,2025/04,未知,TWKHH
100,亞洲,JPUKB,2025/04,未知,TWTPE
46,亞洲,JPUKB,2025/04,未知,TWTXG
45,亞洲,JPYAT,2025/04,未知,TWTXG
555,亞洲,JPYKK,2025/04,未知,TWKHH
19,亞洲,JPYKK,2025/04,未知,TWTPE
327,亞洲,JPYKK,2025/04,未知,TWTXG
44,亞洲,JPYOK,2025/04,未知,TWKEL
989,亞洲,JPYOK,2025/04,未知,TWKHH
122,亞洲,JPYOK,2025/04,未知,TWTPE
537,亞洲,JPYOK,2025/04,未知,TWTXG
116,亞洲,KRICH,2025/04,未知,TWTXG
4,亞洲,KRINC,2025/04,未知,TWKHH
100,亞洲,KRKAN,2025/04,未知,TWTPE
13,亞洲,KRKAN,2025/04,未知,TWTXG
199,亞洲,KRPUS,2025/04,未知,TWKEL
1842,亞洲,KRPUS,2025/04,未知,TWKHH
40,亞洲,KRPUS,2025/04,未知,TWTPE
383,亞洲,KRPUS,2025/04,未知,TWTXG
10,亞洲,KRUSN,2025/04,未知,TWKHH
2,亞洲,KRUSN,2025/04,未知,TWTXG
37,亞洲,LKCMB,2025/04,未知,TWKHH
34,大洋洲,MPSPN,2025/04,未知,TWKHH
235,北美洲,MXLZC,2025/04,未知,TWKHH
80,北美洲,MXZLO,2025/04,未知,TWKEL
2065,北美洲,MXZLO,2025/04,未知,TWKHH
1884,北美洲,MXZLO,2025/04,未知,TWTPE
498,亞洲,MYBKI,2025/04,未知,TWKHH
95,亞洲,MYBTU,2025/04,未知,TWKHH
4,亞洲,MYPEN,2025/04,未知,TWKHH
1077,亞洲,MYPGU,2025/04,未知,TWKHH
22,亞洲,MYPKG,2025/04,未知,TWKHH
90,亞洲,MYPKG,2025/04,未知,TWTPE
4,亞洲,MYPKG,2025/04,未知,TWTXG
100,亞洲,MYTPP,2025/04,未知,TWKEL
24,亞洲,MYTPP,2025/04,未知,TWKHH
3,亞洲,MYTPP,2025/04,未知,TWKHH
31,亞洲,MYTPP,2025/04,未知,TWTXG
79,歐洲,NLRTM,2025/04,未知,TWKHH
8,歐洲,NLRTM,2025/04,未知,TWTPE
33,北美洲,PAMIT,2025/04,未知,TWKHH
5,南美洲,PECLL,2025/04,未知,TWKHH
1397,南美洲,PECLL,2025/04,未知,TWTPE
1404,亞洲,PHBTG,2025/04,未知,TWTXG
2121,亞洲,PHCEB,2025/04,未知,TWKHH
183,亞洲,PHCEB,2025/04,未知,TWKHY
70,亞洲,PHCGY,2025/04,未知,TWKHH
1919,亞洲,PHDVO,2025/04,未知,TWKHH
8,亞洲,PHGES,2025/04,未知,TWKHH
1790,亞洲,PHMNL,2025/04,未知,TWKHH
22,亞洲,PHMNL,2025/04,未知,TWKHH
2092,亞洲,PHMNN,2025/04,未知,TWKHH
47,亞洲,PHMNN,2025/04,未知,TWKAW
1744,亞洲,PHMNN,2025/04,未知,TWKHH
1000,亞洲,PHMNN,2025/04,未知,TWTPE
5727,亞洲,PHMNS,2025/04,未知,TWKHH
1769,亞洲,PHMNS,2025/04,未知,TWKHH
316,亞洲,PHMNS,2025/04,未知,TWTPE
462,亞洲,PHSFS,2025/04,未知,TWKHH
100,亞洲,PKKHI,2025/04,未知,TWKHH
17,大洋洲,PWROR,2025/04,未知,TWKHH
136,歐洲,RUVVO,2025/04,未知,TWKEL
10,亞洲,SADMN,2025/04,未知,TWKHH
1453,亞洲,SGSIN,2025/04,未知,TWKHH
17,亞洲,SGSIN,2025/04,未知,TWTPE
34,亞洲,SGSIN,2025/04,未知,TWTXG
2,亞洲,THBKK,2025/04,未知,TWKHH
3,亞洲,THLCB,2025/04,未知,TWKEL
32,亞洲,THLCB,2025/04,未知,TWKHH
127,亞洲,THLCH,2025/04,未知,TWKHH
2,亞洲,THLCH,2025/04,未知,TWTPE
9,亞洲,THLCH,2025/04,未知,TWTXG
100,歐洲,TRIST,2025/04,未知,TWKHH
2,亞洲,TWKHH,2025/04,未知,TWKEL
8,亞洲,TWKHH,2025/04,未知,TWTXG
834,亞洲,TWKEL,2025/04,未知,TWKHH
352,亞洲,TWKEL,2025/04,未知,TWTXG
78,亞洲,TWKHH,2025/04,未知,TWKEL
156,亞洲,TWKHH,2025/04,未知,TWTXG
210,亞洲,TWKHH,2025/04,未知,TWTPE
4330,亞洲,TWKHH,2025/04,未知,TWTXG
245,亞洲,TWTPE,2025/04,未知,TWKHH
270,亞洲,TWTPE,2025/04,未知,TWTXG
23,亞洲,TWTXG,2025/04,未知,TWKHH
2,亞洲,TWTXG,2025/04,未知,TWTXG
396,北美洲,USBAL,2025/04,未知,TWKHH
40,北美洲,USCHS,2025/04,未知,TWTPE
4140,北美洲,USHOU,2025/04,未知,TWKHH
89,北美洲,USLAX,2025/04,未知,TWKEL
20146,北美洲,USLAX,2025/04,未知,TWKHH
648,北美洲,USLAX,2025/04,未知,TWTPE
617,北美洲,USLGB,2025/04,未知,TWKHH
10,北美洲,USMBS,2025/04,未知,TWKHH
2,北美洲,USMBS,2025/04,未知,TWTXG
284,北美洲,USMOB,2025/04,未知,TWKHH
1525,北美洲,USNYC,2025/04,未知,TWKHH
110,北美洲,USNYC,2025/04,未知,TWTPE
303,北美洲,USOAK,2025/04,未知,TWKEL
1391,北美洲,USOAK,2025/04,未知,TWKHH
2,北美洲,USOAK,2025/04,未知,TWTPE
305,北美洲,USORF,2025/04,未知,TWKHH
20,北美洲,USORF,2025/04,未知,TWTPE
839,北美洲,USSAV,2025/04,未知,TWKHH
50,北美洲,USSAV,2025/04,未知,TWTPE
100,北美洲,USSEA,2025/04,未知,TWKHH
1766,北美洲,USTIW,2025/04,未知,TWKHH
53,亞洲,VNCLI,2025/04,未知,TWKHH
8,亞洲,VNCLI,2025/04,未知,TWTPE
18,亞洲,VNCLI,2025/04,未知,TWTXG
29,亞洲,VNDAD,2025/04,未知,TWKHH
12,亞洲,VNDAD,2025/04,未知,TWTPE
158,亞洲,VNHPH,2025/04,未知,TWKHH
6,大洋洲,VUSAN,2025/04,未知,TWKHH
8,大洋洲,WSAPW,2025/04,未知,TWKHH
6,非洲,ZACPT,2025/04,未知,TWKHH
100,非洲,ZADUR,2025/04,未知,TWKHH
8,亞洲,AEDXB,2025/05,未知,TWKHH
465,亞洲,AEJEA,2025/05,未知,TWKHH
92,大洋洲,AUBNE,2025/05,未知,TWKHH
163,大洋洲,AUMEL,2025/05,未知,TWKHH
201,大洋洲,AUSYD,2025/05,未知,TWKHH
432,亞洲,BDCGP,2025/05,未知,TWKEL
23,歐洲,BEANR,2025/05,未知,TWKHH
61,亞洲,BNMUA,2025/05,未知,TWKHH
3128,北美洲,CAVAN,2025/05,未知,TWKHH
1,亞洲,CNJIA,2025/05,未知,TWKHH
1,亞洲,CNMAW,2025/05,未知,TWKHH
15,亞洲,CNNAO,2025/05,未知,TWKHH
218,亞洲,CNNGB,2025/05,未知,TWKHH
4,亞洲,CNNGB,2025/05,未知,TWTXG
200,亞洲,CNNSA,2025/05,未知,TWKHH
179,亞洲,CNSHG,2025/05,未知,TWKEL
402,亞洲,CNSHG,2025/05,未知,TWKHH
205,亞洲,CNSHG,2025/05,未知,TWTXG
2,亞洲,CNSHK,2025/05,未知,TWKHH
10,亞洲,CNTAC,2025/05,未知,TWKHH
60,亞洲,CNTCA,2025/05,未知,TWKEL
83,亞洲,CNTCA,2025/05,未知,TWKHH
246,亞洲,CNTCA,2025/05,未知,TWTXG
4,亞洲,CNTXG,2025/05,未知,TWKHH
10,亞洲,CNTXG,2025/05,未知,TWTXG
16,亞洲,CNXGG,2025/05,未知,TWTXG
45,亞洲,CNXHT,2025/05,未知,TWKHH
244,亞洲,CNXMN,2025/05,未知,TWKEL
353,亞洲,CNXMN,2025/05,未知,TWKHH
33,亞洲,CNXMN,2025/05,未知,TWTXG
1,亞洲,CNXMN,2025/05,未知,TWTPE
5,亞洲,CNXMN,2025/05,未知,TWTXG
320,南美洲,COBUN,2025/05,未知,TWKHH
140,歐洲,DEHAM,2025/05,未知,TWKHH
341,南美洲,ECGYE,2025/05,未知,TWKHH
44,非洲,EGDAM,2025/05,未知,TWKHH
5,歐洲,ESVLC,2025/05,未知,TWKHH
50,歐洲,GBCAX,2025/05,未知,TWKHH
267,歐洲,GBFXT,2025/05,未知,TWKHH
34,歐洲,GBSOU,2025/05,未知,TWKHH
406,北美洲,GTPRQ,2025/05,未知,TWKHH
316,亞洲,HKHKG,2025/05,未知,TWKEL
474,亞洲,HKHKG,2025/05,未知,TWKHH
369,亞洲,IDJKT,2025/05,未知,TWKHH
8,亞洲,IDJKT,2025/05,未知,TWTPE
256,亞洲,IDSRG,2025/05,未知,TWKHH
1067,亞洲,IDSRG,2025/05,未知,TWTPE
120,亞洲,IDSUB,2025/05,未知,TWKHH
156,亞洲,IDSUB,2025/05,未知,TWTPE
109,亞洲,ILASH,2025/05,未知,TWKHH
88,亞洲,ILHBT,2025/05,未知,TWKHH
20,亞洲,INKAT,2025/05,未知,TWKHH
10,亞洲,INMAA,2025/05,未知,TWKHH
56,亞洲,INNSA,2025/05,未知,TWKHH
578,亞洲,INNSA,2025/05,未知,TWTXG
262,亞洲,IQUQR,2025/05,未知,TWKHH
4,歐洲,ITGOA,2025/05,未知,TWKHH
2,歐洲,ITSPE,2025/05,未知,TWKHH
12,亞洲,JPCHB,2025/05,未知,TWTXG
24,亞洲,JPFKY,2025/05,未知,TWKHH
80,亞洲,JPFKY,2025/05,未知,TWTXG
216,亞洲,JPHIJ,2025/05,未知,TWKHH
20,亞洲,JPHIJ,2025/05,未知,TWTXG
4,亞洲,JPHKT,2025/05,未知,TWKEL
179,亞洲,JPHKT,2025/05,未知,TWKHH
126,亞洲,JPHKT,2025/05,未知,TWTPE
20,亞洲,JPHKT,2025/05,未知,TWTXG
8,亞洲,JPIWK,2025/05,未知,TWKHH
160,亞洲,JPKWS,2025/05,未知,TWTPE
218,亞洲,JPKWS,2025/05,未知,TWTXG
88,亞洲,JPMIZ,2025/05,未知,TWTXG
2,亞洲,JPMOJ,2025/05,未知,TWKEL
222,亞洲,JPMOJ,2025/05,未知,TWKHH
202,亞洲,JPMOJ,2025/05,未知,TWTPE
148,亞洲,JPMOJ,2025/05,未知,TWTXG
54,亞洲,JPMYJ,2025/05,未知,TWKHH
150,亞洲,JPMYJ,2025/05,未知,TWTXG
651,亞洲,JPNAH,2025/05,未知,TWKHH
28,亞洲,JPNAH,2025/05,未知,TWTXG
99,亞洲,JPNGO,2025/05,未知,TWKEL
664,亞洲,JPNGO,2025/05,未知,TWKHH
365,亞洲,JPNGO,2025/05,未知,TWTPE
378,亞洲,JPNGO,2025/05,未知,TWTXG
24,亞洲,JPOIT,2025/05,未知,TWKHH
30,亞洲,JPOIT,2025/05,未知,TWTXG
250,亞洲,JPOSA,2025/05,未知,TWKEL
1580,亞洲,JPOSA,2025/05,未知,TWKHH
565,亞洲,JPOSA,2025/05,未知,TWTPE
104,亞洲,JPOSA,2025/05,未知,TWTXG
134,亞洲,JPSBS,2025/05,未知,TWKHH
322,亞洲,JPSBS,2025/05,未知,TWTXG
476,亞洲,JPSMZ,2025/05,未知,TWKHH
4,亞洲,JPSMZ,2025/05,未知,TWKHH
114,亞洲,JPSMZ,2025/05,未知,TWTPE
194,亞洲,JPSMZ,2025/05,未知,TWTXG
8,亞洲,JPTKY,2025/05,未知,TWKHH
30,亞洲,JPTKY,2025/05,未知,TWTPE
52,亞洲,JPTYO,2025/05,未知,TWKEL
1316,亞洲,JPTYO,2025/05,未知,TWKHH
49,亞洲,JPTYO,2025/05,未知,TWKHH
1366,亞洲,JPTYO,2025/05,未知,TWTPE
1490,亞洲,JPTYO,2025/05,未知,TWTXG
112,亞洲,JPUKB,2025/05,未知,TWKEL
548,亞洲,JPUKB,2025/05,未知,TWKHH
34,亞洲,JPUKB,2025/05,未知,TWTPE
48,亞洲,JPUKB,2025/05,未知,TWTXG
32,亞洲,JPYAT,2025/05,未知,TWTXG
192,亞洲,JPYKK,2025/05,未知,TWKHH
32,亞洲,JPYKK,2025/05,未知,TWTPE
124,亞洲,JPYKK,2025/05,未知,TWTXG
52,亞洲,JPYOK,2025/05,未知,TWKEL
463,亞洲,JPYOK,2025/05,未知,TWKHH
30,亞洲,JPYOK,2025/05,未知,TWKHH
214,亞洲,JPYOK,2025/05,未知,TWTPE
472,亞洲,JPYOK,2025/05,未知,TWTXG
2,亞洲,KHKOS,2025/05,未知,TWKHH
3,亞洲,KRICH,2025/05,未知,TWKHH
4,亞洲,KRICH,2025/05,未知,TWTXG
6,亞洲,KRINC,2025/05,未知,TWKHH
7,亞洲,KRKAN,2025/05,未知,TWTXG
192,亞洲,KRPUS,2025/05,未知,TWKEL
736,亞洲,KRPUS,2025/05,未知,TWKHH
33,亞洲,KRPUS,2025/05,未知,TWTPE
162,亞洲,KRPUS,2025/05,未知,TWTXG
40,亞洲,LKCMB,2025/05,未知,TWKHH
297,北美洲,MXLZC,2025/05,未知,TWKHH
2367,北美洲,MXZLO,2025/05,未知,TWKHH
237,亞洲,MYBKI,2025/05,未知,TWKHH
153,亞洲,MYBTU,2025/05,未知,TWKHH
24,亞洲,MYKUA,2025/05,未知,TWKHH
1,亞洲,MYNPT,2025/05,未知,TWKHH
35,亞洲,MYPEN,2025/05,未知,TWKHH
777,亞洲,MYPGU,2025/05,未知,TWKHH
1978,亞洲,MYPKG,2025/05,未知,TWKHH
720,亞洲,MYPKG,2025/05,未知,TWTPE
3300,亞洲,MYPKG,2025/05,未知,TWTXG
45,亞洲,MYPTP,2025/05,未知,TWTXG
170,亞洲,MYTPP,2025/05,未知,TWKEL
905,亞洲,MYTPP,2025/05,未知,TWKHH
131,亞洲,MYTPP,2025/05,未知,TWTXG
1,亞洲,MYWSP,2025/05,未知,TWKHH
705,歐洲,NLRTM,2025/05,未知,TWKHH
12,亞洲,NPNGY,2025/05,未知,TWKHH
6,大洋洲,NZAKL,2025/05,未知,TWKEL
3,亞洲,OMSOH,2025/05,未知,TWKHH
19,北美洲,PABLB,2025/05,未知,TWKHH
45,北美洲,PAMIT,2025/05,未知,TWKHH
118,北美洲,PAROD,2025/05,未知,TWKHH
44,南美洲,PECLL,2025/05,未知,TWKEL
555,南美洲,PECLL,2025/05,未知,TWKHH
799,亞洲,PHBTG,2025/05,未知,TWKHH
1562,亞洲,PHBTG,2025/05,未知,TWTXG
2197,亞洲,PHCEB,2025/05,未知,TWKHH
12,亞洲,PHCEB,2025/05,未知,TWKHO
943,亞洲,PHCEB,2025/05,未知,TWKHY
190,亞洲,PHCGY,2025/05,未知,TWKHH
1232,亞洲,PHDVO,2025/05,未知,TWKHH
96,亞洲,PHGES,2025/05,未知,TWKHH
76,亞洲,PHMNL,2025/05,未知,TWKAA
1,亞洲,PHMNL,2025/05,未知,TWKHG
119,亞洲,PHMNL,2025/05,未知,TWKHH
264,亞洲,PHMNN,2025/05,未知,TWKAA
976,亞洲,PHMNN,2025/05,未知,TWKHH
2,亞洲,PHMNN,2025/05,未知,TWKAW
2249,亞洲,PHMNN,2025/05,未知,TWKHH
77,亞洲,PHMNN,2025/05,未知,TWKHH
5046,亞洲,PHMNS,2025/05,未知,TWKHH
1296,亞洲,PHMNS,2025/05,未知,TWKHH
980,亞洲,PHSFS,2025/05,未知,TWKHH
62,亞洲,PKKHI,2025/05,未知,TWKHH
30,歐洲,RUVVO,2025/05,未知,TWTXG
9,亞洲,SADMN,2025/05,未知,TWKHH
634,亞洲,SGSIN,2025/05,未知,TWKHH
38,亞洲,SGSIN,2025/05,未知,TWTPE
10,亞洲,SGSIN,2025/05,未知,TWTXG
18,亞洲,THBKK,2025/05,未知,TWKHH
32,亞洲,THLCB,2025/05,未知,TWKHH
40,亞洲,THLCH,2025/05,未知,TWKEL
49,亞洲,THLCH,2025/05,未知,TWKHH
9,亞洲,THLCH,2025/05,未知,TWTXG
2,歐洲,TRALI,2025/05,未知,TWKHH
290,歐洲,TRAMR,2025/05,未知,TWKHH
539,歐洲,TRIST,2025/05,未知,TWKHH
166,歐洲,TRMER,2025/05,未知,TWKHH
150,歐洲,TRYAR,2025/05,未知,TWKHH
80,亞洲,TWKHH,2025/05,未知,TWKHH
2448,亞洲,TWKEL,2025/05,未知,TWKHH
318,亞洲,TWKEL,2025/05,未知,TWTXG
42,亞洲,TWKHH,2025/05,未知,TWKEL
230,亞洲,TWKHH,2025/05,未知,TWTXG
26,亞洲,TWKHH,2025/05,未知,TWTPE
4210,亞洲,TWKHH,2025/05,未知,TWTXG
422,亞洲,TWKHH,2025/05,未知,TWTXG
622,亞洲,TWTPE,2025/05,未知,TWKHH
2,亞洲,TWTPE,2025/05,未知,TWKHH
4,亞洲,TWTXG,2025/05,未知,TWKHH
10,亞洲,TWTXG,2025/05,未知,TWKHH
93,北美洲,USBAL,2025/05,未知,TWKHH
250,北美洲,USBAL,2025/05,未知,TWKHH
98,北美洲,USCHS,2025/05,未知,TWTPE
870,北美洲,USHOU,2025/05,未知,TWKHH
703,北美洲,USLAX,2025/05,未知,TWKEL
9944,北美洲,USLAX,2025/05,未知,TWKHH
491,北美洲,USLAX,2025/05,未知,TWTPE
974,北美洲,USLGB,2025/05,未知,TWKHH
66,北美洲,USLPC,2025/05,未知,TWKHH
36,北美洲,USMBS,2025/05,未知,TWTXG
111,北美洲,USMOB,2025/05,未知,TWKHH
141,北美洲,USNFK,2025/05,未知,TWKHH
3112,北美洲,USNYC,2025/05,未知,TWKHH
308,北美洲,USNYC,2025/05,未知,TWKHH
348,北美洲,USNYC,2025/05,未知,TWTPE
494,北美洲,USOAK,2025/05,未知,TWKHH
86,北美洲,USOAK,2025/05,未知,TWTPE
298,北美洲,USORF,2025/05,未知,TWKHH
78,北美洲,USORF,2025/05,未知,TWTPE
2526,北美洲,USSAV,2025/05,未知,TWKHH
70,北美洲,USSAV,2025/05,未知,TWTPE
36,北美洲,USSEA,2025/05,未知,TWKHH
200,北美洲,USSVN,2025/05,未知,TWKHH
3323,北美洲,USTIW,2025/05,未知,TWKHH
76,北美洲,USVDZ,2025/05,未知,TWKHH
64,亞洲,VNCLI,2025/05,未知,TWKHH
109,亞洲,VNCLI,2025/05,未知,TWTXG
140,亞洲,VNHPH,2025/05,未知,TWKHH
6,亞洲,VNHPH,2025/05,未知,TWTXG
1,亞洲,VNSGN,2025/05,未知,TWKHH
373,亞洲,VNTOT,2025/05,未知,TWTPE
846,亞洲,VNVUT,2025/05,未知,TWKHH
30,亞洲,VNVUU,2025/05,未知,TWKHH
146,非洲,ZACPT,2025/05,未知,TWKHH
92,非洲,ZADUR,2025/05,未知,TWKHH
2101,亞洲,AEJEA,2025/06,未知,TWKHH
302,大洋洲,AUBNE,2025/06,未知,TWKHH
553,大洋洲,AUMEL,2025/06,未知,TWKHH
324,大洋洲,AUSYD,2025/06,未知,TWKHH
227,亞洲,BNMUA,2025/06,未知,TWKHH
1125,北美洲,CAVAN,2025/06,未知,TWKHH
6,南美洲,CLIQQ,2025/06,未知,TWKEL
44,南美洲,CLPAG,2025/06,未知,TWKEL
5,南美洲,CLSVE,2025/06,未知,TWKEL
206,南美洲,CLVAP,2025/06,未知,TWKEL
18,亞洲,CNFOC,2025/06,未知,TWKHH
10,亞洲,CNFZU,2025/06,未知,TWKHH
8,亞洲,CNLYG,2025/06,未知,TWKHH
30,亞洲,CNNGB,2025/06,未知,TWKHH
41,亞洲,CNNGB,2025/06,未知,TWKHH
3,亞洲,CNNGB,2025/06,未知,TWTPE
2,亞洲,CNNGB,2025/06,未知,TWTXG
180,亞洲,CNNSA,2025/06,未知,TWKHH
10,亞洲,CNRZH,2025/06,未知,TWKHH
133,亞洲,CNSHG,2025/06,未知,TWKEL
331,亞洲,CNSHG,2025/06,未知,TWKHH
2,亞洲,CNSHG,2025/06,未知,TWTXG
100,亞洲,CNSHG,2025/06,未知,TWTXG
5,亞洲,CNSHK,2025/06,未知,TWKEL
5,亞洲,CNSHK,2025/06,未知,TWKHH
12,亞洲,CNSHK,2025/06,未知,TWTXG
32,亞洲,CNTCA,2025/06,未知,TWKEL
77,亞洲,CNTCA,2025/06,未知,TWKHH
131,亞洲,CNTCA,2025/06,未知,TWTXG
20,亞洲,CNTSN,2025/06,未知,TWKHH
4,亞洲,CNXGG,2025/06,未知,TWKHH
20,亞洲,CNXGG,2025/06,未知,TWTXG
181,亞洲,CNXMN,2025/06,未知,TWKHH
1,亞洲,CNXMN,2025/06,未知,TWTXG
5,亞洲,CNXMN,2025/06,未知,TWTPE
95,南美洲,COBUN,2025/06,未知,TWKHH
540,歐洲,DEHAM,2025/06,未知,TWKHH
552,南美洲,ECGYE,2025/06,未知,TWKHH
2,非洲,EGDAM,2025/06,未知,TWKHH
46,歐洲,ESALG,2025/06,未知,TWKHH
2,歐洲,ESBCN,2025/06,未知,TWKHH
6,歐洲,ESVLC,2025/06,未知,TWKHH
4,歐洲,ESVLC,2025/06,未知,TWKHH
12,歐洲,FRFOS,2025/06,未知,TWKHH
352,歐洲,FRLEH,2025/06,未知,TWKHH
540,歐洲,GBFXT,2025/06,未知,TWKHH
10,歐洲,GBSOU,2025/06,未知,TWKHH
54,歐洲,GRPIR,2025/06,未知,TWKHH
1,歐洲,GRPIR,2025/06,未知,TWKHH
6,北美洲,GTPRQ,2025/06,未知,TWKHH
10,大洋洲,GUGUM,2025/06,未知,TWKHH
321,亞洲,HKHKG,2025/06,未知,TWKEL
105,亞洲,HKHKG,2025/06,未知,TWKHH
50,亞洲,HKHKG,2025/06,未知,TWTPE
504,亞洲,IDJKT,2025/06,未知,TWKHH
8,亞洲,IDJKT,2025/06,未知,TWTXG
200,亞洲,IDSRG,2025/06,未知,TWKHH
1008,亞洲,IDSRG,2025/06,未知,TWTPE
18,亞洲,IDSUB,2025/06,未知,TWKHH
96,亞洲,IDSUB,2025/06,未知,TWTPE
40,亞洲,IDSUB,2025/06,未知,TWTXG
124,亞洲,ILASH,2025/06,未知,TWKHH
56,亞洲,INMUN,2025/06,未知,TWKHH
12,亞洲,INMUN,2025/06,未知,TWTPE
1248,亞洲,INMUN,2025/06,未知,TWTXG
798,亞洲,INNSA,2025/06,未知,TWKHH
2065,亞洲,IQUQR,2025/06,未知,TWKHH
2,歐洲,ITGOA,2025/06,未知,TWKHH
84,亞洲,JPCHB,2025/06,未知,TWTXG
4,亞洲,JPFKY,2025/06,未知,TWKHH
80,亞洲,JPHIJ,2025/06,未知,TWTXG
15,亞洲,JPHKT,2025/06,未知,TWKEL
208,亞洲,JPHKT,2025/06,未知,TWKHH
28,亞洲,JPHKT,2025/06,未知,TWTPE
6,亞洲,JPHKT,2025/06,未知,TWTXG
22,亞洲,JPIWK,2025/06,未知,TWKHH
4,亞洲,JPKWS,2025/06,未知,TWTPE
200,亞洲,JPKWS,2025/06,未知,TWTXG
4,亞洲,JPMOJ,2025/06,未知,TWKEL
87,亞洲,JPMOJ,2025/06,未知,TWKHH
351,亞洲,JPMOJ,2025/06,未知,TWTPE
375,亞洲,JPMOJ,2025/06,未知,TWTXG
57,亞洲,JPMYJ,2025/06,未知,TWKHH
54,亞洲,JPMYJ,2025/06,未知,TWTXG
16,亞洲,JPNAH,2025/06,未知,TWKEL
690,亞洲,JPNAH,2025/06,未知,TWKHH
42,亞洲,JPNAH,2025/06,未知,TWTXG
16,亞洲,JPNGO,2025/06,未知,TWKEL
1028,亞洲,JPNGO,2025/06,未知,TWKHH
241,亞洲,JPNGO,2025/06,未知,TWTPE
183,亞洲,JPNGO,2025/06,未知,TWTXG
18,亞洲,JPOIT,2025/06,未知,TWKHH
52,亞洲,JPOIT,2025/06,未知,TWTXG
130,亞洲,JPOSA,2025/06,未知,TWKEL
1028,亞洲,JPOSA,2025/06,未知,TWKHH
595,亞洲,JPOSA,2025/06,未知,TWTPE
508,亞洲,JPOSA,2025/06,未知,TWTXG
36,亞洲,JPSBS,2025/06,未知,TWKHH
238,亞洲,JPSBS,2025/06,未知,TWTXG
449,亞洲,JPSMZ,2025/06,未知,TWKHH
20,亞洲,JPSMZ,2025/06,未知,TWKHH
164,亞洲,JPSMZ,2025/06,未知,TWTXG
18,亞洲,JPTKY,2025/06,未知,TWKHH
144,亞洲,JPTYO,2025/06,未知,TWKEL
2911,亞洲,JPTYO,2025/06,未知,TWKHH
198,亞洲,JPTYO,2025/06,未知,TWKHH
996,亞洲,JPTYO,2025/06,未知,TWTPE
590,亞洲,JPTYO,2025/06,未知,TWTXG
120,亞洲,JPUKB,2025/06,未知,TWKEL
623,亞洲,JPUKB,2025/06,未知,TWKHH
124,亞洲,JPUKB,2025/06,未知,TWTPE
30,亞洲,JPUKB,2025/06,未知,TWTXG
9,亞洲,JPYAT,2025/06,未知,TWKHH
20,亞洲,JPYAT,2025/06,未知,TWTXG
30,亞洲,JPYKC,2025/06,未知,TWKHH
90,亞洲,JPYKH,2025/06,未知,TWKHH
211,亞洲,JPYKK,2025/06,未知,TWKHH
82,亞洲,JPYKK,2025/06,未知,TWTPE
73,亞洲,JPYKK,2025/06,未知,TWTXG
18,亞洲,JPYOK,2025/06,未知,TWKEL
1472,亞洲,JPYOK,2025/06,未知,TWKHH
100,亞洲,JPYOK,2025/06,未知,TWKHH
153,亞洲,JPYOK,2025/06,未知,TWTPE
454,亞洲,JPYOK,2025/06,未知,TWTXG
8,亞洲,KRINC,2025/06,未知,TWKHH
8,亞洲,KRKAN,2025/06,未知,TWTPE
28,亞洲,KRKWY,2025/06,未知,TWKHH
50,亞洲,KRKWY,2025/06,未知,TWTXG
177,亞洲,KRPUS,2025/06,未知,TWKEL
628,亞洲,KRPUS,2025/06,未知,TWKHH
18,亞洲,KRPUS,2025/06,未知,TWKHH
40,亞洲,KRPUS,2025/06,未知,TWTPE
52,亞洲,KRPUS,2025/06,未知,TWTXG
10,亞洲,KRUSN,2025/06,未知,TWKHH
470,亞洲,LKCMB,2025/06,未知,TWKHH
4,大洋洲,MPSPN,2025/06,未知,TWKHH
485,北美洲,MXLZC,2025/06,未知,TWKHH
60,北美洲,MXZLO,2025/06,未知,TWKEL
976,北美洲,MXZLO,2025/06,未知,TWKHH
479,亞洲,MYBKI,2025/06,未知,TWKHH
134,亞洲,MYBTU,2025/06,未知,TWKHH
6,亞洲,MYPEN,2025/06,未知,TWKHH
3,亞洲,MYPEN,2025/06,未知,TWTPE
461,亞洲,MYPGU,2025/06,未知,TWKHH
1658,亞洲,MYPKG,2025/06,未知,TWKHH
12,亞洲,MYPKG,2025/06,未知,TWTXG
754,亞洲,MYTPP,2025/06,未知,TWKHH
8,亞洲,MYTPP,2025/06,未知,TWTXG
374,亞洲,MYWSP,2025/06,未知,TWKHH
51,大洋洲,NCPNY,2025/06,未知,TWKHH
3377,歐洲,NLRTM,2025/06,未知,TWKHH
15,歐洲,NLRTM,2025/06,未知,TWTPE
10,亞洲,NPNGY,2025/06,未知,TWKHH
5,大洋洲,NZAKL,2025/06,未知,TWKEL
6,大洋洲,NZWLG,2025/06,未知,TWKEL
39,北美洲,PAONX,2025/06,未知,TWKHH
183,北美洲,PAROD,2025/06,未知,TWKHH
110,南美洲,PECLL,2025/06,未知,TWKEL
48,南美洲,PECLL,2025/06,未知,TWKHH
130,亞洲,PHBTG,2025/06,未知,TWKHH
1128,亞洲,PHBTG,2025/06,未知,TWTXG
1562,亞洲,PHCEB,2025/06,未知,TWKHH
30,亞洲,PHCEB,2025/06,未知,TWKHO
738,亞洲,PHCEB,2025/06,未知,TWKHY
114,亞洲,PHCGY,2025/06,未知,TWKHH
1076,亞洲,PHDVO,2025/06,未知,TWKHH
58,亞洲,PHGES,2025/06,未知,TWKHH
150,亞洲,PHMNL,2025/06,未知,TWKHH
421,亞洲,PHMNN,2025/06,未知,TWKAA
955,亞洲,PHMNN,2025/06,未知,TWKHH
7,亞洲,PHMNN,2025/06,未知,TWKAW
1389,亞洲,PHMNN,2025/06,未知,TWKHH
3351,亞洲,PHMNS,2025/06,未知,TWKHH
649,亞洲,PHMNS,2025/06,未知,TWKHH
388,亞洲,PHSFS,2025/06,未知,TWKHH
17,大洋洲,PWROR,2025/06,未知,TWKHH
1,亞洲,QAHMD,2025/06,未知,TWKHH
804,亞洲,SADMN,2025/06,未知,TWKHH
2670,亞洲,SGSIN,2025/06,未知,TWKHH
54,亞洲,SGSIN,2025/06,未知,TWTPE
308,亞洲,SGSIN,2025/06,未知,TWTXG
14,亞洲,THBKK,2025/06,未知,TWKHH
9,亞洲,THLCB,2025/06,未知,TWKEL
80,亞洲,THLCB,2025/06,未知,TWKHH
76,亞洲,THLCH,2025/06,未知,TWKHH
4,亞洲,THLCH,2025/06,未知,TWTXG
80,歐洲,TRIZT,2025/06,未知,TWKHH
242,歐洲,TRMER,2025/06,未知,TWKHH
2413,亞洲,TWKEL,2025/06,未知,TWKHH
261,亞洲,TWKEL,2025/06,未知,TWTXG
24,亞洲,TWKHH,2025/06,未知,TWKEL
52,亞洲,TWKHH,2025/06,未知,TWKEL
96,亞洲,TWKHH,2025/06,未知,TWTPE
3926,亞洲,TWKHH,2025/06,未知,TWTXG
236,亞洲,TWTPE,2025/06,未知,TWKHH
8,亞洲,TWTPE,2025/06,未知,TWKHH
1180,亞洲,TWTPE,2025/06,未知,TWTXG
72,亞洲,TWTXG,2025/06,未知,TWKHH
86,北美洲,USBAL,2025/06,未知,TWKHH
593,北美洲,USBAL,2025/06,未知,TWKHH
32,北美洲,USCHS,2025/06,未知,TWTPE
3699,北美洲,USHOU,2025/06,未知,TWKHH
636,北美洲,USLAX,2025/06,未知,TWKEL
5940,北美洲,USLAX,2025/06,未知,TWKHH
457,北美洲,USLAX,2025/06,未知,TWTPE
707,北美洲,USLGB,2025/06,未知,TWKHH
200,北美洲,USMBS,2025/06,未知,TWTXG
222,北美洲,USMOB,2025/06,未知,TWKHH
605,北美洲,USNFK,2025/06,未知,TWKHH
312,北美洲,USNYC,2025/06,未知,TWKHH
778,北美洲,USNYC,2025/06,未知,TWKHH
2,北美洲,USNYC,2025/06,未知,TWTPE
250,北美洲,USOAK,2025/06,未知,TWKHH
43,北美洲,USOAK,2025/06,未知,TWTPE
120,北美洲,USORF,2025/06,未知,TWKHH
28,北美洲,USORF,2025/06,未知,TWTPE
1282,北美洲,USSAV,2025/06,未知,TWKHH
26,北美洲,USSAV,2025/06,未知,TWTPE
132,北美洲,USSEA,2025/06,未知,TWKHH
402,北美洲,USSVN,2025/06,未知,TWKHH
2165,北美洲,USTIW,2025/06,未知,TWKHH
6,北美洲,USVDZ,2025/06,未知,TWKHH
125,亞洲,VNCLI,2025/06,未知,TWKHH
130,亞洲,VNCLI,2025/06,未知,TWTXG
2,亞洲,VNDAD,2025/06,未知,TWKEL
3,亞洲,VNHPG,2025/06,未知,TWKHH
489,亞洲,VNHPH,2025/06,未知,TWKHH
4,亞洲,VNHPH,2025/06,未知,TWTXG
461,亞洲,VNSGN,2025/06,未知,TWKHH
26,亞洲,VNTOT,2025/06,未知,TWKHH
600,亞洲,VNTOT,2025/06,未知,TWTPE
9,亞洲,VNVUU,2025/06,未知,TWKHH
447,非洲,ZACPT,2025/06,未知,TWKHH
60,非洲,ZADUR,2025/06,未知,TWKHH
1,亞洲,AEJEA,2025/07,未知,TWKHH
129,大洋洲,ASPPG,2025/07,未知,TWKHH
28,大洋洲,AUBNE,2025/07,未知,TWKHH
402,大洋洲,AUMEL,2025/07,未知,TWKHH
462,大洋洲,AUSYD,2025/07,未知,TWKHH
91,亞洲,BNMUA,2025/07,未知,TWKHH
3882,北美洲,CAVAN,2025/07,未知,TWKHH
34,南美洲,CLVAP,2025/07,未知,TWKEL
1,亞洲,CNJIA,2025/07,未知,TWKHH
1,亞洲,CNLYG,2025/07,未知,TWKHH
30,亞洲,CNNAO,2025/07,未知,TWKHH
130,亞洲,CNNGB,2025/07,未知,TWKHH
3,亞洲,CNNGB,2025/07,未知,TWTPE
30,亞洲,CNNSA,2025/07,未知,TWKEL
87,亞洲,CNSHG,2025/07,未知,TWKEL
233,亞洲,CNSHG,2025/07,未知,TWKHH
12,亞洲,CNSHG,2025/07,未知,TWTXG
32,亞洲,CNSHG,2025/07,未知,TWTPE
203,亞洲,CNSHG,2025/07,未知,TWTXG
24,亞洲,CNTCA,2025/07,未知,TWKEL
66,亞洲,CNTCA,2025/07,未知,TWKHH
155,亞洲,CNTCA,2025/07,未知,TWTXG
12,亞洲,CNXGG,2025/07,未知,TWTXG
85,亞洲,CNXMN,2025/07,未知,TWKHH
52,南美洲,COBUN,2025/07,未知,TWKHH
924,歐洲,DEHAM,2025/07,未知,TWKHH
2,歐洲,DEHAM,2025/07,未知,TWTPE
672,南美洲,ECGYE,2025/07,未知,TWKHH
258,非洲,EGDAM,2025/07,未知,TWKHH
38,大洋洲,FJSUV,2025/07,未知,TWKHH
22,歐洲,FRLEH,2025/07,未知,TWKHH
90,歐洲,GBFXT,2025/07,未知,TWKHH
40,歐洲,GBFXT,2025/07,未知,TWTPE
2,歐洲,GBPKL,2025/07,未知,TWTPE
34,歐洲,GRPIR,2025/07,未知,TWKHH
51,亞洲,HKHKG,2025/07,未知,TWKEL
164,亞洲,HKHKG,2025/07,未知,TWKHH
25,亞洲,HKHKG,2025/07,未知,TWTPE
266,亞洲,IDJKT,2025/07,未知,TWKHH
28,亞洲,IDJKT,2025/07,未知,TWTPE
6,亞洲,IDSRG,2025/07,未知,TWKHH
604,亞洲,IDSRG,2025/07,未知,TWTPE
117,亞洲,IDSUB,2025/07,未知,TWKHH
64,亞洲,IDSUB,2025/07,未知,TWTPE
37,亞洲,ILASH,2025/07,未知,TWKHH
489,亞洲,INNSA,2025/07,未知,TWKHH
2,亞洲,IQUQR,2025/07,未知,TWKHH
9,歐洲,ITGOA,2025/07,未知,TWKHH
2,歐洲,ITSPE,2025/07,未知,TWKHH
60,亞洲,JPCHB,2025/07,未知,TWTXG
4,亞洲,JPFKY,2025/07,未知,TWKHH
70,亞洲,JPHKT,2025/07,未知,TWKEL
67,亞洲,JPHKT,2025/07,未知,TWKHH
2,亞洲,JPHKT,2025/07,未知,TWTPE
36,亞洲,JPHKT,2025/07,未知,TWTXG
4,亞洲,JPKWS,2025/07,未知,TWTPE
54,亞洲,JPKWS,2025/07,未知,TWTXG
36,亞洲,JPMOJ,2025/07,未知,TWKEL
77,亞洲,JPMOJ,2025/07,未知,TWKHH
198,亞洲,JPMOJ,2025/07,未知,TWTPE
420,亞洲,JPMOJ,2025/07,未知,TWTXG
29,亞洲,JPMYJ,2025/07,未知,TWKHH
48,亞洲,JPMYJ,2025/07,未知,TWTXG
580,亞洲,JPNAH,2025/07,未知,TWKHH
58,亞洲,JPNAH,2025/07,未知,TWTXG
792,亞洲,JPNGO,2025/07,未知,TWKHH
152,亞洲,JPNGO,2025/07,未知,TWTPE
581,亞洲,JPNGO,2025/07,未知,TWTXG
191,亞洲,JPOIT,2025/07,未知,TWKHH
54,亞洲,JPOIT,2025/07,未知,TWTXG
82,亞洲,JPOSA,2025/07,未知,TWKEL
531,亞洲,JPOSA,2025/07,未知,TWKHH
105,亞洲,JPOSA,2025/07,未知,TWTPE
1042,亞洲,JPOSA,2025/07,未知,TWTXG
84,亞洲,JPSBS,2025/07,未知,TWKHH
80,亞洲,JPSBS,2025/07,未知,TWTXG
8,亞洲,JPSMZ,2025/07,未知,TWKEL
948,亞洲,JPSMZ,2025/07,未知,TWKHH
10,亞洲,JPSMZ,2025/07,未知,TWTPE
83,亞洲,JPSMZ,2025/07,未知,TWTXG
22,亞洲,JPTYO,2025/07,未知,TWKEL
1769,亞洲,JPTYO,2025/07,未知,TWKHH
40,亞洲,JPTYO,2025/07,未知,TWKHH
714,亞洲,JPTYO,2025/07,未知,TWTPE
1465,亞洲,JPTYO,2025/07,未知,TWTXG
110,亞洲,JPUKB,2025/07,未知,TWKEL
303,亞洲,JPUKB,2025/07,未知,TWKHH
31,亞洲,JPUKB,2025/07,未知,TWTPE
326,亞洲,JPUKB,2025/07,未知,TWTXG
4,亞洲,JPYAT,2025/07,未知,TWKEL
32,亞洲,JPYAT,2025/07,未知,TWTXG
2,亞洲,JPYKC,2025/07,未知,TWKHH
21,亞洲,JPYKH,2025/07,未知,TWKHH
227,亞洲,JPYKK,2025/07,未知,TWKHH
10,亞洲,JPYKK,2025/07,未知,TWTPE
399,亞洲,JPYKK,2025/07,未知,TWTXG
33,亞洲,JPYOK,2025/07,未知,TWKEL
651,亞洲,JPYOK,2025/07,未知,TWKHH
79,亞洲,JPYOK,2025/07,未知,TWTPE
598,亞洲,JPYOK,2025/07,未知,TWTXG
282,亞洲,KHKOS,2025/07,未知,TWKHH
447,大洋洲,KITRW,2025/07,未知,TWKHH
7,亞洲,KRICH,2025/07,未知,TWTPE
6,亞洲,KRINC,2025/07,未知,TWKHH
8,亞洲,KRINC,2025/07,未知,TWTXG
12,亞洲,KRKAN,2025/07,未知,TWKEL
13,亞洲,KRKAN,2025/07,未知,TWKHH
4,亞洲,KRKAN,2025/07,未知,TWTXG
36,亞洲,KRKWY,2025/07,未知,TWKEL
10,亞洲,KRKWY,2025/07,未知,TWKHH
80,亞洲,KRKWY,2025/07,未知,TWTXG
189,亞洲,KRPUS,2025/07,未知,TWKEL
1252,亞洲,KRPUS,2025/07,未知,TWKHH
71,亞洲,KRPUS,2025/07,未知,TWTPE
240,亞洲,KRPUS,2025/07,未知,TWTXG
2,亞洲,KRUSN,2025/07,未知,TWKHH
454,亞洲,LKCMB,2025/07,未知,TWKHH
101,大洋洲,MHMAJ,2025/07,未知,TWKHH
1,大洋洲,MPSPN,2025/07,未知,TWKHH
40,北美洲,MXLZC,2025/07,未知,TWKHH
1134,北美洲,MXZLO,2025/07,未知,TWKHH
544,亞洲,MYBKI,2025/07,未知,TWKHH
159,亞洲,MYBTU,2025/07,未知,TWKHH
3,亞洲,MYPEN,2025/07,未知,TWKHH
4,亞洲,MYPEN,2025/07,未知,TWKHH
3,亞洲,MYPEN,2025/07,未知,TWTPE
94,亞洲,MYPGU,2025/07,未知,TWKHH
1057,亞洲,MYPKG,2025/07,未知,TWKHH
546,亞洲,MYPKG,2025/07,未知,TWTPE
1170,亞洲,MYPKG,2025/07,未知,TWTXG
92,亞洲,MYTPP,2025/07,未知,TWKHH
100,亞洲,MYTPP,2025/07,未知,TWTXG
60,大洋洲,NCNOU,2025/07,未知,TWKHH
78,大洋洲,NCPNY,2025/07,未知,TWKHH
146,歐洲,NLRTM,2025/07,未知,TWKHH
13,歐洲,NLRTM,2025/07,未知,TWTPE
120,北美洲,PACCT,2025/07,未知,TWKHH
149,北美洲,PAMIT,2025/07,未知,TWKHH
44,北美洲,PAROD,2025/07,未知,TWKHH
14,南美洲,PECLL,2025/07,未知,TWKEL
105,南美洲,PECLL,2025/07,未知,TWKHH
597,亞洲,PHBTG,2025/07,未知,TWKHH
660,亞洲,PHBTG,2025/07,未知,TWTXG
1419,亞洲,PHCEB,2025/07,未知,TWKHH
788,亞洲,PHCEB,2025/07,未知,TWKHY
217,亞洲,PHCGY,2025/07,未知,TWKHH
561,亞洲,PHDVA,2025/07,未知,TWKHH
1571,亞洲,PHDVO,2025/07,未知,TWKHH
30,亞洲,PHGES,2025/07,未知,TWKHH
68,亞洲,PHKGY,2025/07,未知,TWKHH
272,亞洲,PHMNL,2025/07,未知,TWKHH
192,亞洲,PHMNN,2025/07,未知,TWKAA
342,亞洲,PHMNN,2025/07,未知,TWKHH
3,亞洲,PHMNN,2025/07,未知,TWKAW
1867,亞洲,PHMNN,2025/07,未知,TWKHH
4338,亞洲,PHMNS,2025/07,未知,TWKHH
557,亞洲,PHMNS,2025/07,未知,TWKHH
179,亞洲,PHSFS,2025/07,未知,TWKHH
1,大洋洲,PWROR,2025/07,未知,TWKHH
17,亞洲,SADMN,2025/07,未知,TWKHH
1686,亞洲,SGSIN,2025/07,未知,TWKHH
32,亞洲,SGSIN,2025/07,未知,TWTPE
358,亞洲,SGSIN,2025/07,未知,TWTXG
100,亞洲,SGTUA,2025/07,未知,TWKHH
28,亞洲,THBKK,2025/07,未知,TWKHH
3,亞洲,THLCB,2025/07,未知,TWKEL
52,亞洲,THLCB,2025/07,未知,TWKHH
328,亞洲,THLCH,2025/07,未知,TWKHH
40,亞洲,THLCH,2025/07,未知,TWTXG
79,大洋洲,TOTBU,2025/07,未知,TWKHH
156,歐洲,TRIST,2025/07,未知,TWKHH
3,歐洲,TRIZT,2025/07,未知,TWKHH
85,歐洲,TRMER,2025/07,未知,TWKHH
61,歐洲,TRYAR,2025/07,未知,TWKHH
1268,亞洲,TWKEL,2025/07,未知,TWKHH
323,亞洲,TWKEL,2025/07,未知,TWTXG
68,亞洲,TWKHH,2025/07,未知,TWKEL
21,亞洲,TWKHH,2025/07,未知,TWTPE
3992,亞洲,TWKHH,2025/07,未知,TWTXG
104,亞洲,TWTPE,2025/07,未知,TWKHH
458,亞洲,TWTPE,2025/07,未知,TWTXG
36,亞洲,TWTXG,2025/07,未知,TWKHH
97,歐洲,UALAX,2025/07,未知,TWKHH
133,北美洲,USBAL,2025/07,未知,TWKHH
156,北美洲,USBAL,2025/07,未知,TWKHH
44,北美洲,USCHS,2025/07,未知,TWTPE
1751,北美洲,USHOU,2025/07,未知,TWKHH
433,北美洲,USLAX,2025/07,未知,TWKEL
20150,北美洲,USLAX,2025/07,未知,TWKHH
456,北美洲,USLAX,2025/07,未知,TWTPE
463,北美洲,USLGB,2025/07,未知,TWKHH
11,北美洲,USMBS,2025/07,未知,TWKHH
128,北美洲,USMBS,2025/07,未知,TWTXG
404,北美洲,USMOB,2025/07,未知,TWKHH
143,北美洲,USNFK,2025/07,未知,TWKHH
216,北美洲,USNYC,2025/07,未知,TWKHH
397,北美洲,USNYC,2025/07,未知,TWKHH
581,北美洲,USNYC,2025/07,未知,TWTPE
34,北美洲,USOAK,2025/07,未知,TWKEL
1163,北美洲,USOAK,2025/07,未知,TWKHH
70,北美洲,USOAK,2025/07,未知,TWTPE
290,北美洲,USORF,2025/07,未知,TWKHH
275,北美洲,USORF,2025/07,未知,TWTPE
438,北美洲,USSAV,2025/07,未知,TWKHH
60,北美洲,USSAV,2025/07,未知,TWTPE
101,北美洲,USSEA,2025/07,未知,TWKHH
603,北美洲,USSVN,2025/07,未知,TWKHH
1988,北美洲,USTIW,2025/07,未知,TWKHH
8,北美洲,USUZE,2025/07,未知,TWKHH
11,北美洲,USVDZ,2025/07,未知,TWKHH
83,亞洲,VNCLI,2025/07,未知,TWKHH
32,亞洲,VNCLI,2025/07,未知,TWTPE
203,亞洲,VNCLI,2025/07,未知,TWTXG
8,亞洲,VNDAD,2025/07,未知,TWTPE
49,亞洲,VNHPH,2025/07,未知,TWKHH
6,亞洲,VNHPH,2025/07,未知,TWTXG
400,亞洲,VNSGN,2025/07,未知,TWKHH
36,大洋洲,VUSAN,2025/07,未知,TWKHH
112,大洋洲,WSAPW,2025/07,未知,TWKHH
431,非洲,ZACPT,2025/07,未知,TWKHH
34,亞洲,AEAUH,2025/08,未知,TWKHH
8,亞洲,AEDXB,2025/08,未知,TWKHH
87,亞洲,AEJEA,2025/08,未知,TWKHH
66,大洋洲,AUBNE,2025/08,未知,TWKHH
827,大洋洲,AUMEL,2025/08,未知,TWKHH
60,大洋洲,AUSYD,2025/08,未知,TWKHH
165,亞洲,BNMUA,2025/08,未知,TWKHH
4181,北美洲,CAVAN,2025/08,未知,TWKHH
8,南美洲,CLSVE,2025/08,未知,TWKEL
474,南美洲,CLVAP,2025/08,未知,TWKEL
42,亞洲,CNDLC,2025/08,未知,TWKHH
1,亞洲,CNFOC,2025/08,未知,TWKHH
18,亞洲,CNHSK,2025/08,未知,TWKHH
1,亞洲,CNHSK,2025/08,未知,TWTXG
1,亞洲,CNNAO,2025/08,未知,TWKHH
12,亞洲,CNNGB,2025/08,未知,TWKHH
80,亞洲,CNNGB,2025/08,未知,TWTXG
9,亞洲,CNNGB,2025/08,未知,TWTPE
120,亞洲,CNNSA,2025/08,未知,TWKHH
2,亞洲,CNRZH,2025/08,未知,TWKHH
129,亞洲,CNSHG,2025/08,未知,TWKEL
245,亞洲,CNSHG,2025/08,未知,TWKHH
16,亞洲,CNSHG,2025/08,未知,TWTXG
85,亞洲,CNSHG,2025/08,未知,TWTXG
5,亞洲,CNSHK,2025/08,未知,TWKEL
1,亞洲,CNTAC,2025/08,未知,TWKHH
19,亞洲,CNTCA,2025/08,未知,TWKEL
94,亞洲,CNTCA,2025/08,未知,TWKHH
291,亞洲,CNTCA,2025/08,未知,TWTXG
36,亞洲,CNXGG,2025/08,未知,TWTXG
8,亞洲,CNXMN,2025/08,未知,TWKEL
17,亞洲,CNXMN,2025/08,未知,TWKHH
20,亞洲,CNXMN,2025/08,未知,TWTXG
2,亞洲,CNXMN,2025/08,未知,TWTXG
14,亞洲,CNYTN,2025/08,未知,TWKHH
1,南美洲,COBUN,2025/08,未知,TWKHH
785,歐洲,DEHAM,2025/08,未知,TWKHH
426,南美洲,ECGYE,2025/08,未知,TWKHH
88,非洲,EGAKI,2025/08,未知,TWKHH
34,歐洲,ESVLC,2025/08,未知,TWKHH
2,歐洲,ESVLC,2025/08,未知,TWKHH
93,歐洲,FRFOS,2025/08,未知,TWKHH
22,歐洲,FRLEH,2025/08,未知,TWKHH
80,歐洲,GBFXT,2025/08,未知,TWKHH
329,歐洲,GRPIR,2025/08,未知,TWKHH
90,歐洲,GRPIR,2025/08,未知,TWKHH
465,北美洲,GTPRQ,2025/08,未知,TWKHH
48,大洋洲,GUGUM,2025/08,未知,TWKHH
107,亞洲,HKHKG,2025/08,未知,TWKEL
481,亞洲,HKHKG,2025/08,未知,TWKHH
86,亞洲,HKHKG,2025/08,未知,TWTXG
583,亞洲,IDJKT,2025/08,未知,TWKHH
30,亞洲,IDJKT,2025/08,未知,TWTPE
200,亞洲,IDJKT,2025/08,未知,TWTXG
121,亞洲,IDSRG,2025/08,未知,TWKHH
224,亞洲,IDSRG,2025/08,未知,TWTPE
12,亞洲,IDSRG,2025/08,未知,TWTXG
151,亞洲,IDSUB,2025/08,未知,TWKHH
40,亞洲,ILASH,2025/08,未知,TWKHH
106,亞洲,ILHBT,2025/08,未知,TWKHH
26,亞洲,INKAT,2025/08,未知,TWKHH
10,亞洲,INKTP,2025/08,未知,TWKHH
898,亞洲,INNSA,2025/08,未知,TWKHH
14,亞洲,IQUQR,2025/08,未知,TWKHH
88,歐洲,ITGOA,2025/08,未知,TWKHH
2,歐洲,ITLSP,2025/08,未知,TWKHH
31,歐洲,ITSPE,2025/08,未知,TWKHH
146,亞洲,JPFKY,2025/08,未知,TWKHH
119,亞洲,JPFKY,2025/08,未知,TWTXG
120,亞洲,JPHIJ,2025/08,未知,TWKHH
30,亞洲,JPHIJ,2025/08,未知,TWTXG
55,亞洲,JPHKT,2025/08,未知,TWKEL
78,亞洲,JPHKT,2025/08,未知,TWKHH
161,亞洲,JPHKT,2025/08,未知,TWTPE
24,亞洲,JPHKT,2025/08,未知,TWTXG
6,亞洲,JPKWS,2025/08,未知,TWTPE
88,亞洲,JPKWS,2025/08,未知,TWTXG
1,亞洲,JPMIZ,2025/08,未知,TWTXG
33,亞洲,JPMOJ,2025/08,未知,TWKEL
224,亞洲,JPMOJ,2025/08,未知,TWKHH
124,亞洲,JPMOJ,2025/08,未知,TWTPE
220,亞洲,JPMOJ,2025/08,未知,TWTXG
25,亞洲,JPMYJ,2025/08,未知,TWKHH
24,亞洲,JPMYJ,2025/08,未知,TWTXG
911,亞洲,JPNAH,2025/08,未知,TWKHH
32,亞洲,JPNAH,2025/08,未知,TWTXG
18,亞洲,JPNGO,2025/08,未知,TWKEL
968,亞洲,JPNGO,2025/08,未知,TWKHH
147,亞洲,JPNGO,2025/08,未知,TWTPE
1078,亞洲,JPNGO,2025/08,未知,TWTXG
49,亞洲,JPOIT,2025/08,未知,TWKHH
68,亞洲,JPOIT,2025/08,未知,TWTXG
88,亞洲,JPOSA,2025/08,未知,TWKEL
447,亞洲,JPOSA,2025/08,未知,TWKHH
203,亞洲,JPOSA,2025/08,未知,TWTPE
1202,亞洲,JPOSA,2025/08,未知,TWTXG
141,亞洲,JPSBS,2025/08,未知,TWKHH
120,亞洲,JPSBS,2025/08,未知,TWTXG
596,亞洲,JPSMZ,2025/08,未知,TWKHH
18,亞洲,JPSMZ,2025/08,未知,TWTPE
169,亞洲,JPSMZ,2025/08,未知,TWTXG
14,亞洲,JPTKY,2025/08,未知,TWKHH
11,亞洲,JPTKY,2025/08,未知,TWTPE
66,亞洲,JPTYO,2025/08,未知,TWKEL
2813,亞洲,JPTYO,2025/08,未知,TWKHH
690,亞洲,JPTYO,2025/08,未知,TWTPE
2442,亞洲,JPTYO,2025/08,未知,TWTXG
98,亞洲,JPUKB,2025/08,未知,TWKEL
452,亞洲,JPUKB,2025/08,未知,TWKHH
6,亞洲,JPUKB,2025/08,未知,TWTPE
2,亞洲,JPUKB,2025/08,未知,TWTXG
4,亞洲,JPYAT,2025/08,未知,TWKHH
20,亞洲,JPYAT,2025/08,未知,TWTXG
24,亞洲,JPYKK,2025/08,未知,TWKHH
210,亞洲,JPYKK,2025/08,未知,TWTXG
843,亞洲,JPYOK,2025/08,未知,TWKHH
63,亞洲,JPYOK,2025/08,未知,TWTPE
990,亞洲,JPYOK,2025/08,未知,TWTXG
6,亞洲,KRINC,2025/08,未知,TWKHH
129,亞洲,KRINC,2025/08,未知,TWTXG
22,亞洲,KRKAN,2025/08,未知,TWTXG
18,亞洲,KRKWY,2025/08,未知,TWKHH
100,亞洲,KRKWY,2025/08,未知,TWTXG
52,亞洲,KRPUS,2025/08,未知,TWKEL
902,亞洲,KRPUS,2025/08,未知,TWKHH
40,亞洲,KRPUS,2025/08,未知,TWTPE
264,亞洲,KRPUS,2025/08,未知,TWTXG
4,亞洲,KRUSN,2025/08,未知,TWTXG
128,亞洲,LKCMB,2025/08,未知,TWKHH
25,大洋洲,MPSPN,2025/08,未知,TWKHH
696,北美洲,MXLZC,2025/08,未知,TWKHH
244,北美洲,MXZLO,2025/08,未知,TWKEL
2198,北美洲,MXZLO,2025/08,未知,TWKHH
397,亞洲,MYBKI,2025/08,未知,TWKHH
77,亞洲,MYBTU,2025/08,未知,TWKHH
156,亞洲,MYNPT,2025/08,未知,TWKHH
104,亞洲,MYPEN,2025/08,未知,TWKHH
619,亞洲,MYPGU,2025/08,未知,TWKHH
1152,亞洲,MYPKG,2025/08,未知,TWKHH
4,亞洲,MYTPP,2025/08,未知,TWKHH
34,亞洲,MYWSP,2025/08,未知,TWKHH
430,歐洲,NLRTM,2025/08,未知,TWKHH
1,歐洲,NLRTM,2025/08,未知,TWTPE
6,北美洲,PABLB,2025/08,未知,TWKHH
95,北美洲,PACCT,2025/08,未知,TWKHH
48,北美洲,PAMIT,2025/08,未知,TWKHH
124,北美洲,PAROD,2025/08,未知,TWKHH
32,南美洲,PECLL,2025/08,未知,TWKHH
977,亞洲,PHBTG,2025/08,未知,TWKHH
888,亞洲,PHBTG,2025/08,未知,TWTXG
1505,亞洲,PHCEB,2025/08,未知,TWKHH
205,亞洲,PHCEB,2025/08,未知,TWKHY
850,亞洲,PHCGY,2025/08,未知,TWKHH
1793,亞洲,PHDVO,2025/08,未知,TWKHH
108,亞洲,PHGES,2025/08,未知,TWKHH
627,亞洲,PHMNL,2025/08,未知,TWKHH
21,亞洲,PHMNL,2025/08,未知,TWKHH
478,亞洲,PHMNN,2025/08,未知,TWKAA
1064,亞洲,PHMNN,2025/08,未知,TWKHH
4,亞洲,PHMNN,2025/08,未知,TWKAW
1200,亞洲,PHMNN,2025/08,未知,TWKHH
273,亞洲,PHMNN,2025/08,未知,TWKHH
306,亞洲,PHMNN,2025/08,未知,TWTPE
312,亞洲,PHMNN,2025/08,未知,TWTXG
2810,亞洲,PHMNS,2025/08,未知,TWKHH
907,亞洲,PHMNS,2025/08,未知,TWKHH
103,亞洲,PHMNS,2025/08,未知,TWTPE
56,亞洲,PHMNS,2025/08,未知,TWTXG
11,亞洲,PHSFS,2025/08,未知,TWKHH
176,亞洲,PKKHI,2025/08,未知,TWKHH
20,亞洲,QAHMD,2025/08,未知,TWKHH
12,亞洲,SADMM,2025/08,未知,TWKHH
105,亞洲,SADMN,2025/08,未知,TWKHH
62,亞洲,SGSGP,2025/08,未知,TWKHH
2366,亞洲,SGSIN,2025/08,未知,TWKHH
32,亞洲,SGSIN,2025/08,未知,TWTPE
22,亞洲,SGSIN,2025/08,未知,TWTXG
20,亞洲,THBKK,2025/08,未知,TWKHH
150,亞洲,THLCB,2025/08,未知,TWKHH
372,亞洲,THLCH,2025/08,未知,TWKHH
31,亞洲,THLCH,2025/08,未知,TWTXG
168,歐洲,TRAMR,2025/08,未知,TWKHH
4,歐洲,TRDRC,2025/08,未知,TWKHH
52,歐洲,TRIST,2025/08,未知,TWKHH
63,歐洲,TRMER,2025/08,未知,TWKHH
70,歐洲,TRYAR,2025/08,未知,TWKHH
1,亞洲,TWKHH,2025/08,未知,TWKEL
1423,亞洲,TWKEL,2025/08,未知,TWKHH
386,亞洲,TWKEL,2025/08,未知,TWTXG
35,亞洲,TWKHH,2025/08,未知,TWKEL
97,亞洲,TWKHH,2025/08,未知,TWTPE
3050,亞洲,TWKHH,2025/08,未知,TWTXG
32,亞洲,TWKHH,2025/08,未知,TWTXG
53,亞洲,TWTPE,2025/08,未知,TWKHH
430,亞洲,TWTPE,2025/08,未知,TWTXG
15,亞洲,TWTXG,2025/08,未知,TWKHH
90,北美洲,USBAL,2025/08,未知,TWKHH
1,北美洲,USBAL,2025/08,未知,TWKHH
22,北美洲,USCHS,2025/08,未知,TWTPE
918,北美洲,USHOU,2025/08,未知,TWKHH
932,北美洲,USLAX,2025/08,未知,TWKEL
17902,北美洲,USLAX,2025/08,未知,TWKHH
580,北美洲,USLAX,2025/08,未知,TWTPE
746,北美洲,USLGB,2025/08,未知,TWKHH
71,北美洲,USMOB,2025/08,未知,TWKHH
141,北美洲,USNFK,2025/08,未知,TWKHH
957,北美洲,USNYC,2025/08,未知,TWKHH
254,北美洲,USNYC,2025/08,未知,TWKHH
123,北美洲,USNYC,2025/08,未知,TWTPE
58,北美洲,USOAK,2025/08,未知,TWKEL
777,北美洲,USOAK,2025/08,未知,TWKHH
39,北美洲,USOAK,2025/08,未知,TWTPE
40,北美洲,USORF,2025/08,未知,TWKHH
76,北美洲,USORF,2025/08,未知,TWTPE
2512,北美洲,USSAV,2025/08,未知,TWKHH
1,北美洲,USSAV,2025/08,未知,TWTPE
60,北美洲,USSEA,2025/08,未知,TWKHH
285,北美洲,USSVN,2025/08,未知,TWKHH
1382,北美洲,USTIW,2025/08,未知,TWKHH
4,北美洲,USUZE,2025/08,未知,TWKHH
2,北美洲,USVDZ,2025/08,未知,TWKHH
166,亞洲,VNCLI,2025/08,未知,TWKHH
90,亞洲,VNCLI,2025/08,未知,TWTPE
48,亞洲,VNCLI,2025/08,未知,TWTXG
40,亞洲,VNCLP,2025/08,未知,TWKHH
4,亞洲,VNDAD,2025/08,未知,TWTPE
40,亞洲,VNHPG,2025/08,未知,TWKHH
180,亞洲,VNHPH,2025/08,未知,TWKHH
2,亞洲,VNHPH,2025/08,未知,TWTXG
28,非洲,ZACAP,2025/08,未知,TWKHH
136,非洲,ZACPT,2025/08,未知,TWKHH
18,非洲,ZADRB,2025/08,未知,TWKHH
18,亞洲,AEAUH,2025/09,未知,TWKHH
28,亞洲,AEDXB,2025/09,未知,TWKHH
6,亞洲,AEJEA,2025/09,未知,TWKHH
343,大洋洲,AUBNE,2025/09,未知,TWKHH
393,大洋洲,AUMEL,2025/09,未知,TWKHH
584,大洋洲,AUSYD,2025/09,未知,TWKHH
173,亞洲,BNMUA,2025/09,未知,TWKHH
6,南美洲,BRSFS,2025/09,未知,TWKHH
2528,北美洲,CAVAN,2025/09,未知,TWKHH
4,南美洲,CLSVE,2025/09,未知,TWKEL
320,南美洲,CLVAP,2025/09,未知,TWKEL
1,亞洲,CNFOC,2025/09,未知,TWEMC
1,亞洲,CNFOC,2025/09,未知,TWTPE
2,亞洲,CNHSK,2025/09,未知,TWTXG
2,亞洲,CNLYG,2025/09,未知,TWKHH
1,亞洲,CNMAW,2025/09,未知,TWKHH
1,亞洲,CNMAW,2025/09,未知,TWTPE
40,亞洲,CNNAO,2025/09,未知,TWKHH
1,亞洲,CNNGB,2025/09,未知,TWKHH
6,亞洲,CNNGB,2025/09,未知,TWTXG
26,亞洲,CNNSA,2025/09,未知,TWKEL
2,亞洲,CNRZH,2025/09,未知,TWKHH
104,亞洲,CNSHG,2025/09,未知,TWKEL
265,亞洲,CNSHG,2025/09,未知,TWKHH
2,亞洲,CNSHG,2025/09,未知,TWTXG
130,亞洲,CNSHG,2025/09,未知,TWTXG
4,亞洲,CNSHK,2025/09,未知,TWKEL
2,亞洲,CNSHK,2025/09,未知,TWKHH
27,亞洲,CNTCA,2025/09,未知,TWKEL
118,亞洲,CNTCA,2025/09,未知,TWKHH
357,亞洲,CNTCA,2025/09,未知,TWTXG
16,亞洲,CNXGG,2025/09,未知,TWTXG
14,亞洲,CNXMN,2025/09,未知,TWKHH
8,亞洲,CNXMN,2025/09,未知,TWTXG
2,亞洲,CNYTN,2025/09,未知,TWKHH
676,歐洲,DEHAM,2025/09,未知,TWKHH
469,南美洲,ECGYE,2025/09,未知,TWKHH
700,南美洲,ECGYE,2025/09,未知,TWTPE
50,非洲,EGDAM,2025/09,未知,TWKHH
128,歐洲,FRLEH,2025/09,未知,TWKHH
190,歐洲,GBFXT,2025/09,未知,TWKHH
140,歐洲,GRPIR,2025/09,未知,TWKHH
48,歐洲,GRPIR,2025/09,未知,TWKHH
235,北美洲,GTPRQ,2025/09,未知,TWKHH
240,北美洲,GTPRQ,2025/09,未知,TWTPE
72,大洋洲,GUGUM,2025/09,未知,TWKHH
62,亞洲,HKHKG,2025/09,未知,TWKEL
1002,亞洲,HKHKG,2025/09,未知,TWKHH
1,亞洲,HKHKG,2025/09,未知,TWTPE
50,亞洲,HKHKG,2025/09,未知,TWTXG
437,亞洲,IDJKT,2025/09,未知,TWKHH
58,亞洲,IDJKT,2025/09,未知,TWTPE
40,亞洲,IDJKT,2025/09,未知,TWTXG
156,亞洲,IDSRG,2025/09,未知,TWKHH
898,亞洲,IDSRG,2025/09,未知,TWTPE
85,亞洲,IDSUB,2025/09,未知,TWKHH
90,亞洲,IDSUB,2025/09,未知,TWTPE
18,亞洲,ILASH,2025/09,未知,TWKHH
200,亞洲,INKAT,2025/09,未知,TWKHH
350,亞洲,INNSA,2025/09,未知,TWKHH
1220,亞洲,INNSA,2025/09,未知,TWKHH
4,亞洲,IQUQR,2025/09,未知,TWKHH
1,歐洲,ITGNA,2025/09,未知,TWKHH
2,歐洲,ITGOA,2025/09,未知,TWKHH
2,歐洲,ITSPE,2025/09,未知,TWKHH
4,亞洲,JPCHB,2025/09,未知,TWTXG
69,亞洲,JPFKY,2025/09,未知,TWTXG
20,亞洲,JPHIJ,2025/09,未知,TWKHH
22,亞洲,JPHIJ,2025/09,未知,TWTXG
2,亞洲,JPHKT,2025/09,未知,TWKEL
283,亞洲,JPHKT,2025/09,未知,TWKHH
195,亞洲,JPHKT,2025/09,未知,TWTPE
264,亞洲,JPHKT,2025/09,未知,TWTXG
60,亞洲,JPIWK,2025/09,未知,TWKHH
2,亞洲,JPKWS,2025/09,未知,TWTPE
1,亞洲,JPMIZ,2025/09,未知,TWKHH
1,亞洲,JPMOJ,2025/09,未知,TWKEL
222,亞洲,JPMOJ,2025/09,未知,TWKHH
120,亞洲,JPMOJ,2025/09,未知,TWTPE
454,亞洲,JPMOJ,2025/09,未知,TWTXG
25,亞洲,JPMYJ,2025/09,未知,TWKHH
120,亞洲,JPMYJ,2025/09,未知,TWTXG
390,亞洲,JPNAH,2025/09,未知,TWKHH
36,亞洲,JPNAH,2025/09,未知,TWTXG
72,亞洲,JPNGO,2025/09,未知,TWKEL
491,亞洲,JPNGO,2025/09,未知,TWKHH
174,亞洲,JPNGO,2025/09,未知,TWTPE
496,亞洲,JPNGO,2025/09,未知,TWTXG
131,亞洲,JPOIT,2025/09,未知,TWKHH
57,亞洲,JPOIT,2025/09,未知,TWTXG
60,亞洲,JPOSA,2025/09,未知,TWKEL
722,亞洲,JPOSA,2025/09,未知,TWKHH
239,亞洲,JPOSA,2025/09,未知,TWTPE
312,亞洲,JPOSA,2025/09,未知,TWTXG
155,亞洲,JPSBS,2025/09,未知,TWKHH
22,亞洲,JPSBS,2025/09,未知,TWTXG
920,亞洲,JPSMZ,2025/09,未知,TWKHH
6,亞洲,JPSMZ,2025/09,未知,TWTPE
212,亞洲,JPSMZ,2025/09,未知,TWTXG
30,亞洲,JPTKY,2025/09,未知,TWKHH
215,亞洲,JPTYO,2025/09,未知,TWKEL
1343,亞洲,JPTYO,2025/09,未知,TWKHH
750,亞洲,JPTYO,2025/09,未知,TWTPE
2320,亞洲,JPTYO,2025/09,未知,TWTXG
55,亞洲,JPUKB,2025/09,未知,TWKEL
525,亞洲,JPUKB,2025/09,未知,TWKHH
34,亞洲,JPUKB,2025/09,未知,TWTPE
140,亞洲,JPUKB,2025/09,未知,TWTXG
8,亞洲,JPYAT,2025/09,未知,TWKHH
26,亞洲,JPYAT,2025/09,未知,TWTXG
3,亞洲,JPYKH,2025/09,未知,TWKHH
51,亞洲,JPYKK,2025/09,未知,TWKHH
180,亞洲,JPYKK,2025/09,未知,TWTXG
58,亞洲,JPYOK,2025/09,未知,TWKEL
928,亞洲,JPYOK,2025/09,未知,TWKHH
77,亞洲,JPYOK,2025/09,未知,TWTPE
626,亞洲,JPYOK,2025/09,未知,TWTXG
11,亞洲,KHKOS,2025/09,未知,TWKHH
60,亞洲,KRICH,2025/09,未知,TWTPE
2,亞洲,KRKAN,2025/09,未知,TWKEL
10,亞洲,KRKAN,2025/09,未知,TWTXG
67,亞洲,KRPUS,2025/09,未知,TWKEL
876,亞洲,KRPUS,2025/09,未知,TWKHH
46,亞洲,KRPUS,2025/09,未知,TWTPE
86,亞洲,KRPUS,2025/09,未知,TWTXG
2,亞洲,LKCMB,2025/09,未知,TWKHH
869,亞洲,LKCMB,2025/09,未知,TWKHH
4,大洋洲,MPSPN,2025/09,未知,TWKHH
206,北美洲,MXLZC,2025/09,未知,TWKHH
744,北美洲,MXZLO,2025/09,未知,TWKEL
602,北美洲,MXZLO,2025/09,未知,TWKHH
2864,北美洲,MXZLO,2025/09,未知,TWTPE
971,亞洲,MYBKI,2025/09,未知,TWKHH
204,亞洲,MYBTU,2025/09,未知,TWKHH
24,亞洲,MYPEN,2025/09,未知,TWKHH
298,亞洲,MYPGU,2025/09,未知,TWKHH
10,亞洲,MYPGU,2025/09,未知,TWTPE
569,亞洲,MYPKG,2025/09,未知,TWKHH
1,亞洲,MYPKL,2025/09,未知,TWKHH
1,亞洲,MYTPP,2025/09,未知,TWKHH
1058,歐洲,NLRTM,2025/09,未知,TWKHH
290,北美洲,PAONX,2025/09,未知,TWKHH
328,北美洲,PAROD,2025/09,未知,TWKHH
30,南美洲,PECLL,2025/09,未知,TWKEL
1153,亞洲,PHBTG,2025/09,未知,TWKHH
492,亞洲,PHBTG,2025/09,未知,TWTXG
2284,亞洲,PHCEB,2025/09,未知,TWKHH
40,亞洲,PHCEB,2025/09,未知,TWKHO
420,亞洲,PHCEB,2025/09,未知,TWKHY
935,亞洲,PHCGY,2025/09,未知,TWKHH
367,亞洲,PHDVA,2025/09,未知,TWKHH
2007,亞洲,PHDVO,2025/09,未知,TWKHH
2,亞洲,PHGES,2025/09,未知,TWKHH
270,亞洲,PHMJJ,2025/09,未知,TWKHH
91,亞洲,PHMNL,2025/09,未知,TWKHH
513,亞洲,PHMNN,2025/09,未知,TWKAA
400,亞洲,PHMNN,2025/09,未知,TWKHH
5,亞洲,PHMNN,2025/09,未知,TWKAW
1042,亞洲,PHMNN,2025/09,未知,TWKHH
2864,亞洲,PHMNS,2025/09,未知,TWKHH
459,亞洲,PHMNS,2025/09,未知,TWKHH
19,亞洲,PHSFS,2025/09,未知,TWKHH
1,大洋洲,PWROR,2025/09,未知,TWKHH
18,亞洲,QAHMD,2025/09,未知,TWKHH
64,亞洲,SADMN,2025/09,未知,TWKHH
18,亞洲,SGSIN,2025/09,未知,TWKHH
1777,亞洲,SGSIN,2025/09,未知,TWKHH
30,亞洲,SGSIN,2025/09,未知,TWTPE
238,亞洲,SGSIN,2025/09,未知,TWTXG
38,亞洲,THBKK,2025/09,未知,TWKHH
196,亞洲,THLCB,2025/09,未知,TWKHH
66,亞洲,THLCH,2025/09,未知,TWKHH
1,亞洲,THLCH,2025/09,未知,TWKHH
10,亞洲,THLCH,2025/09,未知,TWTXG
8,歐洲,TRMER,2025/09,未知,TWKHH
1541,亞洲,TWKEL,2025/09,未知,TWKHH
424,亞洲,TWKEL,2025/09,未知,TWTXG
430,亞洲,TWKHH,2025/09,未知,TWTXG
140,亞洲,TWKHH,2025/09,未知,TWTPE
2963,亞洲,TWKHH,2025/09,未知,TWTXG
8,亞洲,TWTPE,2025/09,未知,TWKHH
650,亞洲,TWTPE,2025/09,未知,TWTXG
53,亞洲,TWTXG,2025/09,未知,TWKHH
337,北美洲,USBAL,2025/09,未知,TWKHH
140,北美洲,USBAL,2025/09,未知,TWKHH
40,北美洲,USBOS,2025/09,未知,TWKHH
78,北美洲,USCHS,2025/09,未知,TWKHH
64,北美洲,USCHS,2025/09,未知,TWTPE
340,北美洲,USHOU,2025/09,未知,TWKHH
438,北美洲,USLAX,2025/09,未知,TWKEL
16714,北美洲,USLAX,2025/09,未知,TWKHH
13,北美洲,USLAX,2025/09,未知,TWKHH
985,北美洲,USLAX,2025/09,未知,TWTPE
378,北美洲,USLGB,2025/09,未知,TWKHH
77,北美洲,USLPC,2025/09,未知,TWKHH
102,北美洲,USMOB,2025/09,未知,TWKHH
33,北美洲,USNFK,2025/09,未知,TWKHH
1344,北美洲,USNYC,2025/09,未知,TWKHH
365,北美洲,USNYC,2025/09,未知,TWKHH
1,北美洲,USNYC,2025/09,未知,TWTPE
38,北美洲,USOAK,2025/09,未知,TWKEL
448,北美洲,USOAK,2025/09,未知,TWKHH
3,北美洲,USOAK,2025/09,未知,TWTPE
7,北美洲,USOKL,2025/09,未知,TWKHH
221,北美洲,USORF,2025/09,未知,TWKHH
40,北美洲,USORF,2025/09,未知,TWTPE
1631,北美洲,USSAV,2025/09,未知,TWKHH
4,北美洲,USSAV,2025/09,未知,TWTPE
90,北美洲,USSEA,2025/09,未知,TWKHH
3,北美洲,USSVN,2025/09,未知,TWKHH
2084,北美洲,USTIW,2025/09,未知,TWKHH
115,亞洲,VNCLI,2025/09,未知,TWKHH
45,亞洲,VNCLI,2025/09,未知,TWTXG
212,亞洲,VNHPH,2025/09,未知,TWKHH
24,亞洲,VNHPH,2025/09,未知,TWTXG
122,非洲,ZACPT,2025/09,未知,TWKHH
2,非洲,ZADUR,2025/09,未知,TWKHH
12,亞洲,AEJBA,2025/10,未知,TWKHH
38,亞洲,AEJEA,2025/10,未知,TWKHH
808,大洋洲,AUBNE,2025/10,未知,TWKHH
425,大洋洲,AUMEL,2025/10,未知,TWKHH
245,大洋洲,AUSYD,2025/10,未知,TWKHH
38,亞洲,BNMRI,2025/10,未知,TWKHH
8,亞洲,BNMUA,2025/10,未知,TWKHH
3,南美洲,BRSFS,2025/10,未知,TWKHH
1799,北美洲,CAVAN,2025/10,未知,TWKHH
204,南美洲,CLIQQ,2025/10,未知,TWKEL
14,南美洲,CLPAG,2025/10,未知,TWKEL
11,南美洲,CLSVE,2025/10,未知,TWKEL
348,南美洲,CLVAP,2025/10,未知,TWKEL
57,南美洲,CLVAP,2025/10,未知,TWKHH
150,亞洲,CNFOC,2025/10,未知,TWKHH
100,亞洲,CNFUG,2025/10,未知,TWKHH
2,亞洲,CNFZU,2025/10,未知,TWKHH
84,亞洲,CNNAO,2025/10,未知,TWKHH
6,亞洲,CNNGB,2025/10,未知,TWKHH
3,亞洲,CNNGB,2025/10,未知,TWTXG
87,亞洲,CNNSA,2025/10,未知,TWKHH
2,亞洲,CNNSA,2025/10,未知,TWTXG
28,亞洲,CNRZH,2025/10,未知,TWKHH
144,亞洲,CNSHG,2025/10,未知,TWKEL
228,亞洲,CNSHG,2025/10,未知,TWKHH
3,亞洲,CNSHG,2025/10,未知,TWTXG
173,亞洲,CNSHG,2025/10,未知,TWTXG
18,亞洲,CNSHK,2025/10,未知,TWKHH
9,亞洲,CNTCA,2025/10,未知,TWKEL
86,亞洲,CNTCA,2025/10,未知,TWKHH
201,亞洲,CNTCA,2025/10,未知,TWTXG
4,亞洲,CNTXG,2025/10,未知,TWKHH
2,亞洲,CNXHK,2025/10,未知,TWKHH
15,亞洲,CNXMN,2025/10,未知,TWKHH
4,亞洲,CNXMN,2025/10,未知,TWTXG
2,亞洲,CNXMN,2025/10,未知,TWTXG
9,亞洲,CNYTN,2025/10,未知,TWKHH
183,南美洲,COBUN,2025/10,未知,TWKHH
6,南美洲,COCTG,2025/10,未知,TWKHH
135,歐洲,DEHAM,2025/10,未知,TWKHH
353,南美洲,ECGYE,2025/10,未知,TWKHH
175,非洲,EGDAM,2025/10,未知,TWKHH
4,大洋洲,FMYAP,2025/10,未知,TWKHH
84,歐洲,GBFXT,2025/10,未知,TWKHH
304,歐洲,GRPIR,2025/10,未知,TWKHH
448,北美洲,GTPRQ,2025/10,未知,TWKHH
74,大洋洲,GUGUM,2025/10,未知,TWKHH
107,亞洲,HKHKG,2025/10,未知,TWKEL
758,亞洲,HKHKG,2025/10,未知,TWKHH
7,亞洲,HKHKG,2025/10,未知,TWTPE
214,亞洲,HKHKG,2025/10,未知,TWTXG
218,亞洲,IDJKT,2025/10,未知,TWKHH
44,亞洲,IDJKT,2025/10,未知,TWTPE
73,亞洲,IDSRG,2025/10,未知,TWKHH
455,亞洲,IDSRG,2025/10,未知,TWTPE
40,亞洲,IDSUB,2025/10,未知,TWKHH
57,亞洲,IDSUB,2025/10,未知,TWTPE
47,亞洲,ILASH,2025/10,未知,TWKHH
16,亞洲,INKAT,2025/10,未知,TWKHH
24,亞洲,INMAA,2025/10,未知,TWKHH
11,亞洲,INMUN,2025/10,未知,TWKHH
455,亞洲,INNSA,2025/10,未知,TWKHH
28,亞洲,IQUQR,2025/10,未知,TWKHH
18,亞洲,JPCHB,2025/10,未知,TWKHH
102,亞洲,JPFKY,2025/10,未知,TWTXG
10,亞洲,JPHIJ,2025/10,未知,TWTXG
623,亞洲,JPHKT,2025/10,未知,TWKHH
14,亞洲,JPHKT,2025/10,未知,TWTPE
68,亞洲,JPHKT,2025/10,未知,TWTXG
30,亞洲,JPIWK,2025/10,未知,TWKHH
4,亞洲,JPMIZ,2025/10,未知,TWKHH
77,亞洲,JPMIZ,2025/10,未知,TWTXG
1,亞洲,JPMOJ,2025/10,未知,TWKEL
60,亞洲,JPMOJ,2025/10,未知,TWKHH
85,亞洲,JPMOJ,2025/10,未知,TWTPE
548,亞洲,JPMOJ,2025/10,未知,TWTXG
35,亞洲,JPMYJ,2025/10,未知,TWKHH
146,亞洲,JPMYJ,2025/10,未知,TWTXG
8,亞洲,JPNAH,2025/10,未知,TWKEL
462,亞洲,JPNAH,2025/10,未知,TWKHH
63,亞洲,JPNAH,2025/10,未知,TWTXG
21,亞洲,JPNGO,2025/10,未知,TWKEL
436,亞洲,JPNGO,2025/10,未知,TWKHH
166,亞洲,JPNGO,2025/10,未知,TWTPE
194,亞洲,JPNGO,2025/10,未知,TWTXG
16,亞洲,JPOIT,2025/10,未知,TWKHH
58,亞洲,JPOIT,2025/10,未知,TWTXG
28,亞洲,JPOSA,2025/10,未知,TWKEL
503,亞洲,JPOSA,2025/10,未知,TWKHH
311,亞洲,JPOSA,2025/10,未知,TWTPE
442,亞洲,JPOSA,2025/10,未知,TWTXG
106,亞洲,JPSBS,2025/10,未知,TWKHH
180,亞洲,JPSBS,2025/10,未知,TWTXG
10,亞洲,JPSMZ,2025/10,未知,TWKEL
534,亞洲,JPSMZ,2025/10,未知,TWKHH
31,亞洲,JPSMZ,2025/10,未知,TWTPE
180,亞洲,JPSMZ,2025/10,未知,TWTXG
30,亞洲,JPTKY,2025/10,未知,TWTPE
100,亞洲,JPTYO,2025/10,未知,TWKEL
1603,亞洲,JPTYO,2025/10,未知,TWKHH
929,亞洲,JPTYO,2025/10,未知,TWTPE
642,亞洲,JPTYO,2025/10,未知,TWTXG
4,亞洲,JPUKB,2025/10,未知,TWKEL
349,亞洲,JPUKB,2025/10,未知,TWKHH
58,亞洲,JPUKB,2025/10,未知,TWTPE
306,亞洲,JPUKB,2025/10,未知,TWTXG
12,亞洲,JPYAT,2025/10,未知,TWKHH
44,亞洲,JPYAT,2025/10,未知,TWTXG
2,亞洲,JPYKK,2025/10,未知,TWKEL
57,亞洲,JPYKK,2025/10,未知,TWKHH
300,亞洲,JPYKK,2025/10,未知,TWTXG
20,亞洲,JPYOK,2025/10,未知,TWKEL
1118,亞洲,JPYOK,2025/10,未知,TWKHH
31,亞洲,JPYOK,2025/10,未知,TWTPE
582,亞洲,JPYOK,2025/10,未知,TWTXG
1,亞洲,KHKOS,2025/10,未知,TWKHH
80,亞洲,KRICH,2025/10,未知,TWTPE
42,亞洲,KRICH,2025/10,未知,TWTXG
8,亞洲,KRINC,2025/10,未知,TWKHH
8,亞洲,KRINC,2025/10,未知,TWTXG
100,亞洲,KRKAN,2025/10,未知,TWKHH
120,亞洲,KRKAN,2025/10,未知,TWTPE
172,亞洲,KRKAN,2025/10,未知,TWTXG
20,亞洲,KRKWY,2025/10,未知,TWKEL
2,亞洲,KRKWY,2025/10,未知,TWTXG
1734,亞洲,KRPUS,2025/10,未知,TWKHH
28,亞洲,KRPUS,2025/10,未知,TWTPE
23,亞洲,KRPUS,2025/10,未知,TWTXG
508,亞洲,LKCMB,2025/10,未知,TWKHH
48,大洋洲,MPSPN,2025/10,未知,TWKHH
898,北美洲,MXLZC,2025/10,未知,TWKHH
344,北美洲,MXZLO,2025/10,未知,TWKEL
2242,北美洲,MXZLO,2025/10,未知,TWKHH
6,北美洲,MXZLO,2025/10,未知,TWTPE
85,亞洲,MYBTU,2025/10,未知,TWKHH
218,亞洲,MYKOK,2025/10,未知,TWKHH
120,亞洲,MYNPT,2025/10,未知,TWKHH
2,亞洲,MYPEN,2025/10,未知,TWKHH
3,亞洲,MYPGU,2025/10,未知,TWKHH
480,亞洲,MYPKG,2025/10,未知,TWKHH
12,亞洲,MYPKG,2025/10,未知,TWTXG
2,亞洲,MYPTP,2025/10,未知,TWKHH
17,亞洲,MYTPP,2025/10,未知,TWKHH
114,亞洲,MYTPP,2025/10,未知,TWTXG
13,亞洲,MYWSP,2025/10,未知,TWKHH
79,歐洲,NLRTM,2025/10,未知,TWKHH
44,北美洲,PAROD,2025/10,未知,TWKHH
28,南美洲,PECLL,2025/10,未知,TWKEL
164,南美洲,PECLL,2025/10,未知,TWKHH
1424,亞洲,PHBTG,2025/10,未知,TWKHH
200,亞洲,PHBTG,2025/10,未知,TWTXG
2075,亞洲,PHCEB,2025/10,未知,TWKHH
458,亞洲,PHCEB,2025/10,未知,TWKHY
516,亞洲,PHCGY,2025/10,未知,TWKHH
2414,亞洲,PHDVO,2025/10,未知,TWKHH
104,亞洲,PHMNL,2025/10,未知,TWKHH
407,亞洲,PHMNL,2025/10,未知,TWKHH
166,亞洲,PHMNN,2025/10,未知,TWKAA
188,亞洲,PHMNN,2025/10,未知,TWKHH
2,亞洲,PHMNN,2025/10,未知,TWKAW
1144,亞洲,PHMNN,2025/10,未知,TWKHH
20,亞洲,PHMNN,2025/10,未知,TWKHW
3762,亞洲,PHMNS,2025/10,未知,TWKHH
781,亞洲,PHMNS,2025/10,未知,TWKHH
713,亞洲,PHMNS,2025/10,未知,TWKHW
58,亞洲,PHSFS,2025/10,未知,TWKHH
51,大洋洲,PWROR,2025/10,未知,TWKHH
2,亞洲,SADMN,2025/10,未知,TWKHH
8,亞洲,SGSGP,2025/10,未知,TWKHH
4126,亞洲,SGSIN,2025/10,未知,TWKHH
6,亞洲,SGSIN,2025/10,未知,TWTPE
24,亞洲,SGSIN,2025/10,未知,TWTXG
4,亞洲,THBKK,2025/10,未知,TWKHH
142,亞洲,THLCB,2025/10,未知,TWKHH
430,亞洲,THLCH,2025/10,未知,TWKHH
29,亞洲,THLCH,2025/10,未知,TWTXG
4,歐洲,TRIST,2025/10,未知,TWKHH
56,歐洲,TRIZT,2025/10,未知,TWKHH
53,歐洲,TRMER,2025/10,未知,TWKHH
716,亞洲,TWKEL,2025/10,未知,TWKHH
319,亞洲,TWKEL,2025/10,未知,TWTXG
187,亞洲,TWKHH,2025/10,未知,TWTXG
28,亞洲,TWKHH,2025/10,未知,TWTPE
3274,亞洲,TWKHH,2025/10,未知,TWTXG
242,亞洲,TWKHH,2025/10,未知,TWTXG
23,亞洲,TWTPE,2025/10,未知,TWKHH
800,亞洲,TWTPE,2025/10,未知,TWTXG
17,亞洲,TWTXG,2025/10,未知,TWKHH
224,北美洲,USBAL,2025/10,未知,TWKHH
21,北美洲,USBOS,2025/10,未知,TWKHH
80,北美洲,USCHS,2025/10,未知,TWKHH
98,北美洲,USCHS,2025/10,未知,TWTPE
363,北美洲,USHOU,2025/10,未知,TWKHH
1016,北美洲,USLAX,2025/10,未知,TWKEL
19259,北美洲,USLAX,2025/10,未知,TWKHH
608,北美洲,USLAX,2025/10,未知,TWTPE
716,北美洲,USLGB,2025/10,未知,TWKHH
1,北美洲,USMOB,2025/10,未知,TWKHH
1580,北美洲,USNYC,2025/10,未知,TWKHH
4,北美洲,USNYC,2025/10,未知,TWTPE
88,北美洲,USOAK,2025/10,未知,TWKEL
987,北美洲,USOAK,2025/10,未知,TWKHH
244,北美洲,USOAK,2025/10,未知,TWTPE
117,北美洲,USOKL,2025/10,未知,TWTPE
177,北美洲,USORF,2025/10,未知,TWKHH
50,北美洲,USORF,2025/10,未知,TWTPE
751,北美洲,USSAV,2025/10,未知,TWKHH
36,北美洲,USSAV,2025/10,未知,TWTPE
74,北美洲,USSEA,2025/10,未知,TWKHH
4291,北美洲,USTIW,2025/10,未知,TWKHH
134,北美洲,USTIW,2025/10,未知,TWTPE
42,亞洲,VNCLI,2025/10,未知,TWKHH
4,亞洲,VNDAD,2025/10,未知,TWKHH
6,亞洲,VNDAD,2025/10,未知,TWTXG
113,亞洲,VNHPH,2025/10,未知,TWKHH
18,亞洲,VNHPH,2025/10,未知,TWTXG
52,亞洲,VNIHV,2025/10,未知,TWKHH
2,亞洲,VNSGN,2025/10,未知,TWKHH
236,亞洲,VNTOT,2025/10,未知,TWTPE
400,亞洲,VNVUT,2025/10,未知,TWKHH
257,非洲,ZACPT,2025/10,未知,TWKHH
54,非洲,ZADUR,2025/10,未知,TWKHH
34,亞洲,AEJEA,2025/11,未知,TWKHH
609,大洋洲,AUBNE,2025/11,未知,TWKHH
882,大洋洲,AUMEL,2025/11,未知,TWKHH
708,大洋洲,AUSYD,2025/11,未知,TWKHH
56,亞洲,BNMUA,2025/11,未知,TWKC7
353,亞洲,BNMUA,2025/11,未知,TWKHH
2799,北美洲,CAVAN,2025/11,未知,TWKHH
376,南美洲,CLVAP,2025/11,未知,TWKEL
12,亞洲,CNFOC,2025/11,未知,TWKHH
2,亞洲,CNFZU,2025/11,未知,TWKHH
2,亞洲,CNLYG,2025/11,未知,TWKHH
8,亞洲,CNMAW,2025/11,未知,TWKHH
54,亞洲,CNMAW,2025/11,未知,TWTPE
140,亞洲,CNNAO,2025/11,未知,TWKHH
2,亞洲,CNNGB,2025/11,未知,TWKHH
2,亞洲,CNNGB,2025/11,未知,TWTXG
4,亞洲,CNNSA,2025/11,未知,TWKEL
80,亞洲,CNNSA,2025/11,未知,TWKHH
12,亞洲,CNNSA,2025/11,未知,TWTXG
187,亞洲,CNSHG,2025/11,未知,TWKEL
268,亞洲,CNSHG,2025/11,未知,TWKHH
4,亞洲,CNSHG,2025/11,未知,TWTXG
239,亞洲,CNSHG,2025/11,未知,TWTXG
3,亞洲,CNSHK,2025/11,未知,TWKEL
34,亞洲,CNSHK,2025/11,未知,TWKHH
2,亞洲,CNSHK,2025/11,未知,TWTXG
18,亞洲,CNTCA,2025/11,未知,TWKEL
90,亞洲,CNTCA,2025/11,未知,TWKHH
189,亞洲,CNTCA,2025/11,未知,TWTXG
6,亞洲,CNXMN,2025/11,未知,TWKC7
2,亞洲,CNXMN,2025/11,未知,TWKHH
73,亞洲,CNXMN,2025/11,未知,TWTXG
5,亞洲,CNXMN,2025/11,未知,TWTPE
2,亞洲,CNYJG,2025/11,未知,TWKHH
2,亞洲,CNYTN,2025/11,未知,TWKHH
35,南美洲,COCTG,2025/11,未知,TWKHH
10,歐洲,DEHAM,2025/11,未知,TWKHH
9,歐洲,DEHAM,2025/11,未知,TWTPE
698,南美洲,ECGYE,2025/11,未知,TWKHH
1305,南美洲,ECGYE,2025/11,未知,TWTPE
168,非洲,EGDAM,2025/11,未知,TWKHH
2,歐洲,ESVLC,2025/11,未知,TWKHH
5,大洋洲,FMYAP,2025/11,未知,TWKHH
582,歐洲,GBFXT,2025/11,未知,TWKHH
14,歐洲,GBFXT,2025/11,未知,TWTPE
127,歐洲,GRPIR,2025/11,未知,TWKHH
242,北美洲,GTPRQ,2025/11,未知,TWKHH
758,北美洲,GTPRQ,2025/11,未知,TWTPE
88,大洋洲,GUGUM,2025/11,未知,TWKHH
21,亞洲,HKHKG,2025/11,未知,TWKEL
312,亞洲,HKHKG,2025/11,未知,TWKHH
255,亞洲,IDJKT,2025/11,未知,TWKHH
38,亞洲,IDJKT,2025/11,未知,TWTPE
116,亞洲,IDJKT,2025/11,未知,TWTXG
237,亞洲,IDSRG,2025/11,未知,TWKHH
644,亞洲,IDSRG,2025/11,未知,TWTPE
8,亞洲,IDSRG,2025/11,未知,TWTXG
69,亞洲,IDSUB,2025/11,未知,TWKHH
24,亞洲,IDSUB,2025/11,未知,TWTPE
165,亞洲,ILASH,2025/11,未知,TWKHH
60,亞洲,ILHBT,2025/11,未知,TWKHH
14,亞洲,INKAT,2025/11,未知,TWKHH
60,亞洲,INMAA,2025/11,未知,TWKHH
2,亞洲,INMUN,2025/11,未知,TWKHH
631,亞洲,INNSA,2025/11,未知,TWKHH
16,亞洲,IQUQR,2025/11,未知,TWKHH
2,歐洲,ITGOA,2025/11,未知,TWKHH
1,歐洲,ITSPE,2025/11,未知,TWKHH
12,亞洲,JPCHB,2025/11,未知,TWKHH
112,亞洲,JPFKY,2025/11,未知,TWTXG
243,亞洲,JPHIJ,2025/11,未知,TWTXG
176,亞洲,JPHKT,2025/11,未知,TWKHH
138,亞洲,JPHKT,2025/11,未知,TWTPE
3,亞洲,JPHKT,2025/11,未知,TWTXG
68,亞洲,JPIWK,2025/11,未知,TWKHH
20,亞洲,JPKBE,2025/11,未知,TWKHH
2,亞洲,JPKWS,2025/11,未知,TWTXG
4,亞洲,JPMIZ,2025/11,未知,TWKHH
105,亞洲,JPMIZ,2025/11,未知,TWTXG
4,亞洲,JPMOJ,2025/11,未知,TWKEL
235,亞洲,JPMOJ,2025/11,未知,TWKHH
490,亞洲,JPMOJ,2025/11,未知,TWTPE
248,亞洲,JPMOJ,2025/11,未知,TWTXG
15,亞洲,JPMYJ,2025/11,未知,TWKHH
64,亞洲,JPMYJ,2025/11,未知,TWTXG
415,亞洲,JPNAH,2025/11,未知,TWKHH
41,亞洲,JPNAH,2025/11,未知,TWTXG
14,亞洲,JPNGO,2025/11,未知,TWKEL
293,亞洲,JPNGO,2025/11,未知,TWKHH
223,亞洲,JPNGO,2025/11,未知,TWTPE
223,亞洲,JPNGO,2025/11,未知,TWTXG
22,亞洲,JPOIT,2025/11,未知,TWTXG
29,亞洲,JPOSA,2025/11,未知,TWKEL
201,亞洲,JPOSA,2025/11,未知,TWKHH
578,亞洲,JPOSA,2025/11,未知,TWTPE
156,亞洲,JPOSA,2025/11,未知,TWTXG
66,亞洲,JPSBS,2025/11,未知,TWKHH
36,亞洲,JPSBS,2025/11,未知,TWTXG
693,亞洲,JPSMZ,2025/11,未知,TWKHH
105,亞洲,JPSMZ,2025/11,未知,TWTPE
184,亞洲,JPSMZ,2025/11,未知,TWTXG
8,亞洲,JPTKY,2025/11,未知,TWKHH
10,亞洲,JPTKY,2025/11,未知,TWTPE
13,亞洲,JPTYO,2025/11,未知,TWKEL
1115,亞洲,JPTYO,2025/11,未知,TWKHH
706,亞洲,JPTYO,2025/11,未知,TWTPE
849,亞洲,JPTYO,2025/11,未知,TWTXG
41,亞洲,JPUKB,2025/11,未知,TWKEL
439,亞洲,JPUKB,2025/11,未知,TWKHH
35,亞洲,JPUKB,2025/11,未知,TWTPE
70,亞洲,JPUKB,2025/11,未知,TWTXG
30,亞洲,JPYAT,2025/11,未知,TWKHH
30,亞洲,JPYAT,2025/11,未知,TWTXG
17,亞洲,JPYKK,2025/11,未知,TWKHH
50,亞洲,JPYKK,2025/11,未知,TWTPE
140,亞洲,JPYKK,2025/11,未知,TWTXG
6,亞洲,JPYOK,2025/11,未知,TWKEL
210,亞洲,JPYOK,2025/11,未知,TWKHH
283,亞洲,JPYOK,2025/11,未知,TWTPE
1016,亞洲,JPYOK,2025/11,未知,TWTXG
10,亞洲,KHKOS,2025/11,未知,TWKHH
14,亞洲,KRBNP,2025/11,未知,TWKHH
20,亞洲,KRICH,2025/11,未知,TWTPE
4,亞洲,KRINC,2025/11,未知,TWKHH
157,亞洲,KRINC,2025/11,未知,TWTPE
8,亞洲,KRKAN,2025/11,未知,TWKHH
4,亞洲,KRKAN,2025/11,未知,TWTPE
6,亞洲,KRKAN,2025/11,未知,TWTXG
2,亞洲,KRPUS,2025/11,未知,TWKEL
1986,亞洲,KRPUS,2025/11,未知,TWKHH
2,亞洲,KRPUS,2025/11,未知,TWKHH
97,亞洲,KRPUS,2025/11,未知,TWTPE
94,亞洲,KRPUS,2025/11,未知,TWTXG
11,亞洲,LKCMB,2025/11,未知,TWKHH
2,亞洲,MMTLA,2025/11,未知,TWKEL
43,大洋洲,MPSPN,2025/11,未知,TWKHH
100,北美洲,MXLZC,2025/11,未知,TWKEL
211,北美洲,MXLZC,2025/11,未知,TWKHH
220,北美洲,MXZLO,2025/11,未知,TWKEL
384,北美洲,MXZLO,2025/11,未知,TWKHH
1099,北美洲,MXZLO,2025/11,未知,TWTPE
200,亞洲,MYBKI,2025/11,未知,TWKC7
1093,亞洲,MYBKI,2025/11,未知,TWKHH
105,亞洲,MYBTU,2025/11,未知,TWKHH
4,亞洲,MYPEN,2025/11,未知,TWKHH
121,亞洲,MYPGU,2025/11,未知,TWKHH
1578,亞洲,MYPKG,2025/11,未知,TWKHH
6,亞洲,MYPKG,2025/11,未知,TWTXG
523,亞洲,MYTPP,2025/11,未知,TWKHH
78,亞洲,MYTPP,2025/11,未知,TWTXG
154,歐洲,NLRTM,2025/11,未知,TWKHH
112,歐洲,NLRTM,2025/11,未知,TWTPE
2,北美洲,PABLB,2025/11,未知,TWKHH
13,北美洲,PAONX,2025/11,未知,TWKHH
8,南美洲,PECLL,2025/11,未知,TWKHH
885,亞洲,PHBTG,2025/11,未知,TWKHH
120,亞洲,PHBTG,2025/11,未知,TWTXG
1072,亞洲,PHCEB,2025/11,未知,TWKHH
16,亞洲,PHCEB,2025/11,未知,TWKHO
452,亞洲,PHCEB,2025/11,未知,TWKHY
572,亞洲,PHCGY,2025/11,未知,TWKHH
1990,亞洲,PHDVO,2025/11,未知,TWKHH
40,亞洲,PHGES,2025/11,未知,TWKHH
793,亞洲,PHMNL,2025/11,未知,TWKHH
486,亞洲,PHMNN,2025/11,未知,TWKAA
464,亞洲,PHMNN,2025/11,未知,TWKHH
226,亞洲,PHMNN,2025/11,未知,TWKAW
1040,亞洲,PHMNN,2025/11,未知,TWKHH
2778,亞洲,PHMNS,2025/11,未知,TWKHH
435,亞洲,PHMNS,2025/11,未知,TWKHH
31,亞洲,PHSFS,2025/11,未知,TWKHH
1,亞洲,PKKHI,2025/11,未知,TWKHH
37,大洋洲,PWROR,2025/11,未知,TWKHH
6,亞洲,SADMN,2025/11,未知,TWKHH
1397,亞洲,SGSIN,2025/11,未知,TWKHH
4,亞洲,SGSIN,2025/11,未知,TWTPE
110,亞洲,SGSIN,2025/11,未知,TWTXG
420,亞洲,SGTUA,2025/11,未知,TWKHH
64,亞洲,THBKK,2025/11,未知,TWKHH
200,亞洲,THLCB,2025/11,未知,TWKHH
152,亞洲,THLCH,2025/11,未知,TWKHH
150,亞洲,THLCH,2025/11,未知,TWTPE
10,亞洲,THLCH,2025/11,未知,TWTXG
101,歐洲,TRIST,2025/11,未知,TWKHH
50,歐洲,TRIZT,2025/11,未知,TWKHH
9,歐洲,TRMER,2025/11,未知,TWKHH
747,亞洲,TWKEL,2025/11,未知,TWKHH
160,亞洲,TWKEL,2025/11,未知,TWTXG
22,亞洲,TWKHH,2025/11,未知,TWTPE
4679,亞洲,TWKHH,2025/11,未知,TWTXG
24,亞洲,TWTPE,2025/11,未知,TWKHH
900,亞洲,TWTPE,2025/11,未知,TWTXG
108,亞洲,TWTXG,2025/11,未知,TWKHH
224,北美洲,USBAL,2025/11,未知,TWKHH
2,北美洲,USBOS,2025/11,未知,TWKHH
95,北美洲,USCHS,2025/11,未知,TWKHH
104,北美洲,USCHS,2025/11,未知,TWTPE
518,北美洲,USHOU,2025/11,未知,TWKHH
302,北美洲,USLAX,2025/11,未知,TWKEL
10239,北美洲,USLAX,2025/11,未知,TWKHH
253,北美洲,USLAX,2025/11,未知,TWTPE
618,北美洲,USLGB,2025/11,未知,TWKHH
43,北美洲,USMOB,2025/11,未知,TWKHH
1113,北美洲,USNYC,2025/11,未知,TWKHH
20,北美洲,USNYC,2025/11,未知,TWTPE
8,北美洲,USOAK,2025/11,未知,TWKEL
877,北美洲,USOAK,2025/11,未知,TWKHH
52,北美洲,USOAK,2025/11,未知,TWTPE
227,北美洲,USORF,2025/11,未知,TWKHH
8,北美洲,USORF,2025/11,未知,TWTPE
1017,北美洲,USSAV,2025/11,未知,TWKHH
44,北美洲,USSAV,2025/11,未知,TWTPE
1057,北美洲,USTIW,2025/11,未知,TWKHH
134,北美洲,USTIW,2025/11,未知,TWTPE
74,亞洲,VNCLI,2025/11,未知,TWKHH
16,亞洲,VNCLI,2025/11,未知,TWTPE
89,亞洲,VNCLI,2025/11,未知,TWTXG
301,亞洲,VNHPH,2025/11,未知,TWKHH
34,亞洲,VNHPH,2025/11,未知,TWTXG
4,亞洲,VNSGN,2025/11,未知,TWKHH
148,亞洲,VNTOT,2025/11,未知,TWKHH
518,非洲,ZACPT,2025/11,未知,TWKHH
2,亞洲,AEAUH,2025/12,未知,TWKHH
30,亞洲,AEJEA,2025/12,未知,TWKHH
18,大洋洲,AUBBN,2025/12,未知,TWKHH
434,大洋洲,AUBNE,2025/12,未知,TWKHH
399,大洋洲,AUMEL,2025/12,未知,TWKHH
481,大洋洲,AUMEL,2025/12,未知,TWKHH
508,大洋洲,AUSYD,2025/12,未知,TWKHH
68,大洋洲,AUSYD,2025/12,未知,TWKHH
42,亞洲,BNMUA,2025/12,未知,TWKHH
25,南美洲,BRSFS,2025/12,未知,TWKHH
2790,北美洲,CAVAN,2025/12,未知,TWKHH
16,南美洲,CLIQQ,2025/12,未知,TWKEL
100,南美洲,CLVAP,2025/12,未知,TWKEL
104,亞洲,CNFOC,2025/12,未知,TWKHH
30,亞洲,CNFOC,2025/12,未知,TWTPE
18,亞洲,CNMAW,2025/12,未知,TWEMC
2,亞洲,CNNGB,2025/12,未知,TWKHH
12,亞洲,CNNGB,2025/12,未知,TWTXG
6,亞洲,CNNGO,2025/12,未知,TWKHH
4,亞洲,CNNSA,2025/12,未知,TWKEL
280,亞洲,CNNSA,2025/12,未知,TWKHH
2,亞洲,CNRZH,2025/12,未知,TWKHH
190,亞洲,CNSHG,2025/12,未知,TWKEL
225,亞洲,CNSHG,2025/12,未知,TWKHH
4,亞洲,CNSHG,2025/12,未知,TWTXG
203,亞洲,CNSHG,2025/12,未知,TWTXG
5,亞洲,CNSHK,2025/12,未知,TWKEL
8,亞洲,CNSHK,2025/12,未知,TWKHH
35,亞洲,CNTCA,2025/12,未知,TWKEL
93,亞洲,CNTCA,2025/12,未知,TWKHH
325,亞洲,CNTCA,2025/12,未知,TWTXG
84,亞洲,CNXGG,2025/12,未知,TWTXG
201,亞洲,CNXMN,2025/12,未知,TWKHH
4,亞洲,CNXMN,2025/12,未知,TWTXG
284,南美洲,COBUN,2025/12,未知,TWKHH
138,歐洲,DEHAM,2025/12,未知,TWKHH
11,歐洲,DEHAM,2025/12,未知,TWTPE
210,南美洲,ECGYE,2025/12,未知,TWKHH
64,非洲,EGDAM,2025/12,未知,TWKHH
18,非洲,EGPSW,2025/12,未知,TWKHH
2,歐洲,ESBCN,2025/12,未知,TWKHH
79,歐洲,ESVLC,2025/12,未知,TWKHH
30,歐洲,FRFOS,2025/12,未知,TWKHH
223,歐洲,GBFXT,2025/12,未知,TWKHH
230,歐洲,GRPIR,2025/12,未知,TWKHH
465,北美洲,GTPRQ,2025/12,未知,TWKHH
811,北美洲,GTPRQ,2025/12,未知,TWTPE
32,大洋洲,GUGUM,2025/12,未知,TWKHH
166,亞洲,HKHKG,2025/12,未知,TWKEL
11,亞洲,HKHKG,2025/12,未知,TWKHH
6,亞洲,HKHKG,2025/12,未知,TWTPE
40,亞洲,HKHKG,2025/12,未知,TWTXG
90,亞洲,IDJKT,2025/12,未知,TWKHH
48,亞洲,IDJKT,2025/12,未知,TWTPE
201,亞洲,IDSRG,2025/12,未知,TWKHH
646,亞洲,IDSRG,2025/12,未知,TWTPE
24,亞洲,IDSUB,2025/12,未知,TWKHH
92,亞洲,IDSUB,2025/12,未知,TWTPE
747,亞洲,ILASH,2025/12,未知,TWKHH
7,亞洲,ILHBT,2025/12,未知,TWKHH
14,亞洲,INMUN,2025/12,未知,TWKHH
973,亞洲,INNSA,2025/12,未知,TWKHH
410,亞洲,INNSA,2025/12,未知,TWTXG
31,亞洲,IQUQR,2025/12,未知,TWKHH
103,歐洲,ITGOA,2025/12,未知,TWKHH
15,歐洲,ITSPE,2025/12,未知,TWKHH
78,亞洲,JPFKY,2025/12,未知,TWKHH
113,亞洲,JPFKY,2025/12,未知,TWTXG
10,亞洲,JPHIJ,2025/12,未知,TWKHH
224,亞洲,JPHIJ,2025/12,未知,TWTXG
2,亞洲,JPHKT,2025/12,未知,TWKEL
37,亞洲,JPHKT,2025/12,未知,TWKHH
140,亞洲,JPHKT,2025/12,未知,TWTPE
4,亞洲,JPHKT,2025/12,未知,TWTXG
50,亞洲,JPIWK,2025/12,未知,TWKHH
86,亞洲,JPKWS,2025/12,未知,TWTPE
2,亞洲,JPKWS,2025/12,未知,TWTXG
2,亞洲,JPMIZ,2025/12,未知,TWKHH
261,亞洲,JPMOJ,2025/12,未知,TWKHH
371,亞洲,JPMOJ,2025/12,未知,TWTPE
190,亞洲,JPMOJ,2025/12,未知,TWTXG
32,亞洲,JPMYJ,2025/12,未知,TWKHH
144,亞洲,JPMYJ,2025/12,未知,TWTXG
546,亞洲,JPNAH,2025/12,未知,TWKHH
61,亞洲,JPNAH,2025/12,未知,TWTXG
828,亞洲,JPNGO,2025/12,未知,TWKHH
304,亞洲,JPNGO,2025/12,未知,TWTPE
134,亞洲,JPNGO,2025/12,未知,TWTXG
12,亞洲,JPOIT,2025/12,未知,TWKHH
60,亞洲,JPOIT,2025/12,未知,TWTXG
70,亞洲,JPOSA,2025/12,未知,TWKEL
510,亞洲,JPOSA,2025/12,未知,TWKHH
900,亞洲,JPOSA,2025/12,未知,TWTPE
995,亞洲,JPOSA,2025/12,未知,TWTXG
54,亞洲,JPSBS,2025/12,未知,TWKHH
308,亞洲,JPSBS,2025/12,未知,TWTXG
765,亞洲,JPSMZ,2025/12,未知,TWKHH
66,亞洲,JPSMZ,2025/12,未知,TWTPE
140,亞洲,JPSMZ,2025/12,未知,TWTXG
2,亞洲,JPTKY,2025/12,未知,TWKHH
50,亞洲,JPTKY,2025/12,未知,TWTPE
231,亞洲,JPTYO,2025/12,未知,TWKEL
1237,亞洲,JPTYO,2025/12,未知,TWKHH
674,亞洲,JPTYO,2025/12,未知,TWTPE
1410,亞洲,JPTYO,2025/12,未知,TWTXG
601,亞洲,JPUKB,2025/12,未知,TWKHH
33,亞洲,JPUKB,2025/12,未知,TWTPE
225,亞洲,JPUKB,2025/12,未知,TWTXG
60,亞洲,JPYAT,2025/12,未知,TWTXG
5,亞洲,JPYKK,2025/12,未知,TWKHH
160,亞洲,JPYKK,2025/12,未知,TWTXG
41,亞洲,JPYOK,2025/12,未知,TWKEL
446,亞洲,JPYOK,2025/12,未知,TWKHH
283,亞洲,JPYOK,2025/12,未知,TWTPE
776,亞洲,JPYOK,2025/12,未知,TWTXG
8,亞洲,KHKOS,2025/12,未知,TWKHH
3,亞洲,KRINC,2025/12,未知,TWKHH
189,亞洲,KRINC,2025/12,未知,TWTPE
2,亞洲,KRKAN,2025/12,未知,TWKHH
3,亞洲,KRKAN,2025/12,未知,TWTPE
4,亞洲,KRKAN,2025/12,未知,TWTXG
2,亞洲,KRKWY,2025/12,未知,TWKHH
18,亞洲,KRPUS,2025/12,未知,TWKEL
1443,亞洲,KRPUS,2025/12,未知,TWKHH
24,亞洲,KRPUS,2025/12,未知,TWTPE
4,亞洲,KRPUS,2025/12,未知,TWTXG
720,亞洲,LKCMB,2025/12,未知,TWKHH
22,亞洲,LKCMB,2025/12,未知,TWTXG
40,非洲,MATNG,2025/12,未知,TWKHH
52,大洋洲,MPSPN,2025/12,未知,TWKHH
101,北美洲,MXLZC,2025/12,未知,TWKEL
243,北美洲,MXLZC,2025/12,未知,TWKHH
1079,北美洲,MXLZC,2025/12,未知,TWTPE
1940,北美洲,MXZLO,2025/12,未知,TWKHH
1862,北美洲,MXZLO,2025/12,未知,TWTPE
520,亞洲,MYBKI,2025/12,未知,TWKHH
80,亞洲,MYBTU,2025/12,未知,TWKHH
18,亞洲,MYPEN,2025/12,未知,TWKHH
1113,亞洲,MYPGU,2025/12,未知,TWKHH
4,亞洲,MYPKG,2025/12,未知,TWTPE
280,亞洲,MYPKG,2025/12,未知,TWTXG
210,亞洲,MYTPP,2025/12,未知,TWKHH
282,亞洲,MYTPP,2025/12,未知,TWTXG
471,歐洲,NLRTM,2025/12,未知,TWKHH
96,歐洲,NLRTM,2025/12,未知,TWTPE
336,北美洲,PABLB,2025/12,未知,TWKHH
13,北美洲,PAMIT,2025/12,未知,TWKHH
108,北美洲,PAONX,2025/12,未知,TWKHH
85,北美洲,PAROD,2025/12,未知,TWKHH
174,南美洲,PECLL,2025/12,未知,TWKEL
591,南美洲,PECLL,2025/12,未知,TWKHH
439,亞洲,PHBTG,2025/12,未知,TWKHH
220,亞洲,PHBTG,2025/12,未知,TWTXG
1586,亞洲,PHCEB,2025/12,未知,TWKHH
504,亞洲,PHCEB,2025/12,未知,TWKHY
352,亞洲,PHCGY,2025/12,未知,TWKHH
1455,亞洲,PHDVO,2025/12,未知,TWKHH
490,亞洲,PHMNL,2025/12,未知,TWKHH
564,亞洲,PHMNN,2025/12,未知,TWKAA
146,亞洲,PHMNN,2025/12,未知,TWKHH
548,亞洲,PHMNN,2025/12,未知,TWKAW
1259,亞洲,PHMNN,2025/12,未知,TWKHH
2116,亞洲,PHMNS,2025/12,未知,TWKHH
296,亞洲,PHMNS,2025/12,未知,TWKHH
2,亞洲,PHSFS,2025/12,未知,TWKHH
4,大洋洲,PWROR,2025/12,未知,TWKHH
55,亞洲,SADMN,2025/12,未知,TWKHH
2333,亞洲,SGSIN,2025/12,未知,TWKHH
4,亞洲,SGSIN,2025/12,未知,TWTPE
242,亞洲,SGSIN,2025/12,未知,TWTXG
18,亞洲,THBKK,2025/12,未知,TWKHH
3,亞洲,THLCB,2025/12,未知,TWKEL
80,亞洲,THLCB,2025/12,未知,TWKHH
329,亞洲,THLCH,2025/12,未知,TWKHH
3,亞洲,THLCH,2025/12,未知,TWTXG
184,歐洲,TRIST,2025/12,未知,TWKHH
98,歐洲,TRIZT,2025/12,未知,TWKHH
26,歐洲,TRMER,2025/12,未知,TWKHH
43,亞洲,TWKHH,2025/12,未知,TWTXG
338,亞洲,TWKEL,2025/12,未知,TWKHH
712,亞洲,TWKEL,2025/12,未知,TWTXG
418,亞洲,TWKHH,2025/12,未知,TWTXG
66,亞洲,TWKHH,2025/12,未知,TWTPE
3619,亞洲,TWKHH,2025/12,未知,TWTXG
32,亞洲,TWTPE,2025/12,未知,TWKHH
1000,亞洲,TWTPE,2025/12,未知,TWTXG
8,亞洲,TWTXG,2025/12,未知,TWKHH
339,北美洲,USBAL,2025/12,未知,TWKHH
110,北美洲,USBAL,2025/12,未知,TWKHH
358,北美洲,USCHS,2025/12,未知,TWKHH
95,北美洲,USCHS,2025/12,未知,TWTPE
1975,北美洲,USHOU,2025/12,未知,TWKHH
214,北美洲,USLAX,2025/12,未知,TWKHH
116,北美洲,USLAX,2025/12,未知,TWKEL
16741,北美洲,USLAX,2025/12,未知,TWKHH
144,北美洲,USLAX,2025/12,未知,TWKHH
579,北美洲,USLAX,2025/12,未知,TWTPE
849,北美洲,USLGB,2025/12,未知,TWKHH
105,北美洲,USMOB,2025/12,未知,TWKHH
16,北美洲,USNFK,2025/12,未知,TWKHH
655,北美洲,USNYC,2025/12,未知,TWKHH
237,北美洲,USNYC,2025/12,未知,TWKHH
134,北美洲,USNYC,2025/12,未知,TWTPE
599,北美洲,USOAK,2025/12,未知,TWKHH
88,北美洲,USOAK,2025/12,未知,TWTPE
280,北美洲,USORF,2025/12,未知,TWKHH
48,北美洲,USORF,2025/12,未知,TWTPE
15,北美洲,USPOO,2025/12,未知,TWKHH
895,北美洲,USSAV,2025/12,未知,TWKHH
32,北美洲,USSAV,2025/12,未知,TWTPE
66,北美洲,USSEA,2025/12,未知,TWKHH
31,北美洲,USSVN,2025/12,未知,TWKHH
2210,北美洲,USTIW,2025/12,未知,TWKHH
76,北美洲,USTIW,2025/12,未知,TWTPE
42,北美洲,USVDZ,2025/12,未知,TWKHH
94,亞洲,VNCLI,2025/12,未知,TWKHH
3,亞洲,VNCLI,2025/12,未知,TWTXG
24,亞洲,VNDAD,2025/12,未知,TWTXG
388,亞洲,VNHPH,2025/12,未知,TWKHH
24,亞洲,VNHPH,2025/12,未知,TWTXG
66,亞洲,VNTOT,2025/12,未知,TWKHH
145,亞洲,VNVUT,2025/12,未知,TWKHH
126,非洲,ZACPT,2025/12,未知,TWKHH
