20呎標準貨櫃,來源洲,年月,目的洲,目的港,臺灣港
4,未知,2025/01,亞洲,CNLYG,TWKHH
153,未知,2025/01,亞洲,CNXMN,TWKHH
52,未知,2025/01,亞洲,CNLYG,TWKCX
50,未知,2025/01,南美洲,CLVAP,TWKEL
400,未知,2025/01,亞洲,CNDLC,TWKEL
674,未知,2025/01,亞洲,CNGCT,TWKEL
100,未知,2025/01,亞洲,CNHMN,TWKEL
49,未知,2025/01,亞洲,CNHSK,TWKEL
423,未知,2025/01,亞洲,CNJGY,TWKEL
27,未知,2025/01,亞洲,CNNBO,TWKEL
3088,未知,2025/01,亞洲,CNNGB,TWKEL
348,未知,2025/01,亞洲,CNNSA,TWKEL
2100,未知,2025/01,亞洲,CNNSS,TWKEL
100,未知,2025/01,亞洲,CNRZH,TWKEL
4434,未知,2025/01,亞洲,CNSHG,TWKEL
2060,未知,2025/01,亞洲,CNSHK,TWKEL
3972,未知,2025/01,亞洲,CNSHK,TWKEL
1016,未知,2025/01,亞洲,CNSWA,TWKEL
1860,未知,2025/01,亞洲,CNTAC,TWKEL
1360,未知,2025/01,亞洲,CNTCA,TWKEL
890,未知,2025/01,亞洲,CNWNZ,TWKEL
3091,未知,2025/01,亞洲,CNXMN,TWKEL
11361,未知,2025/01,亞洲,HKHKG,TWKEL
2,未知,2025/01,亞洲,JPMYJ,TWKEL
100,未知,2025/01,亞洲,JPOIT,TWKEL
8,未知,2025/01,亞洲,JPUKB,TWKEL
160,未知,2025/01,亞洲,KRINC,TWKEL
523,未知,2025/01,亞洲,KRPUS,TWKEL
12,未知,2025/01,大洋洲,NZLYT,TWKEL
188,未知,2025/01,大洋洲,NZNPE,TWKEL
104,未知,2025/01,大洋洲,NZTRG,TWKEL
70,未知,2025/01,亞洲,VNCLI,TWKEL
2,未知,2025/01,亞洲,VNDAD,TWKEL
92,未知,2025/01,亞洲,VNHPH,TWKEL
40,未知,2025/01,亞洲,VNSGN,TWKEL
28,未知,2025/01,大洋洲,AUBNE,TWKHH
148,未知,2025/01,大洋洲,AUMEL,TWKHH
4,未知,2025/01,南美洲,BRSSZ,TWKHH
318,未知,2025/01,亞洲,CNDLC,TWKHH
100,未知,2025/01,亞洲,CNDLI,TWKHH
2018,未知,2025/01,亞洲,CNFOC,TWKHH
150,未知,2025/01,亞洲,CNFUG,TWKHH
135,未知,2025/01,亞洲,CNGCT,TWKHH
20,未知,2025/01,亞洲,CNHMN,TWKHH
14,未知,2025/01,亞洲,CNHMP,TWKHH
97,未知,2025/01,亞洲,CNHSK,TWKHH
329,未知,2025/01,亞洲,CNJIA,TWKHH
326,未知,2025/01,亞洲,CNJYN,TWKHH
54,未知,2025/01,亞洲,CNLYG,TWKHH
55,未知,2025/01,亞洲,CNMAW,TWKHH
1138,未知,2025/01,亞洲,CNNGB,TWKHH
113,未知,2025/01,亞洲,CNNSA,TWKHH
230,未知,2025/01,亞洲,CNNSS,TWKHH
413,未知,2025/01,亞洲,CNRZH,TWKHH
2679,未知,2025/01,亞洲,CNSHG,TWKHH
323,未知,2025/01,亞洲,CNSHK,TWKHH
992,未知,2025/01,亞洲,CNSHK,TWKHH
114,未知,2025/01,亞洲,CNSWA,TWKHH
720,未知,2025/01,亞洲,CNTAC,TWKHH
31,未知,2025/01,亞洲,CNTCA,TWKHH
300,未知,2025/01,亞洲,CNWNZ,TWKHH
206,未知,2025/01,亞洲,CNXGA,TWKHH
4,未知,2025/01,亞洲,CNXGG,TWKHH
120,未知,2025/01,亞洲,CNXHK,TWKHH
290,未知,2025/01,亞洲,CNXHT,TWKHH
4733,未知,2025/01,亞洲,CNXMN,TWKHH
44,未知,2025/01,亞洲,CNYJG,TWKHH
60,未知,2025/01,南美洲,ECGYE,TWKHH
5039,未知,2025/01,亞洲,HKHKG,TWKHH
6,未知,2025/01,亞洲,IDSUB,TWKHH
200,未知,2025/01,亞洲,INMUN,TWKHH
206,未知,2025/01,亞洲,INNSA,TWKHH
99,未知,2025/01,亞洲,JPMOJ,TWKHH
16,未知,2025/01,亞洲,JPMYJ,TWKHH
75,未知,2025/01,亞洲,JPNGO,TWKHH
1,未知,2025/01,亞洲,JPOSA,TWKHH
120,未知,2025/01,亞洲,JPTKY,TWKHH
4,未知,2025/01,亞洲,JPUKB,TWKHH
8,未知,2025/01,亞洲,JPYAT,TWKHH
20,未知,2025/01,亞洲,JPYOK,TWKHH
4,未知,2025/01,亞洲,KRKAN,TWKHH
6,未知,2025/01,亞洲,KRKWY,TWKHH
2196,未知,2025/01,亞洲,KRPUS,TWKHH
8,未知,2025/01,亞洲,KRUSN,TWKHH
7,未知,2025/01,亞洲,MYPKG,TWKHH
2,未知,2025/01,亞洲,MYTPP,TWKHH
8,未知,2025/01,大洋洲,NZLYT,TWKHH
28,未知,2025/01,大洋洲,NZNPE,TWKHH
134,未知,2025/01,大洋洲,NZTRG,TWKHH
51,未知,2025/01,亞洲,PHDVO,TWKHH
260,未知,2025/01,亞洲,PHGTC,TWKHH
616,未知,2025/01,亞洲,SGSIN,TWKHH
60,未知,2025/01,亞洲,THLCB,TWKHH
41,未知,2025/01,亞洲,THLCH,TWKHH
8,未知,2025/01,歐洲,TRYAR,TWKHH
1088,未知,2025/01,亞洲,VNCLI,TWKHH
4,未知,2025/01,亞洲,VNCLP,TWKHH
36,未知,2025/01,亞洲,VNDAD,TWKHH
184,未知,2025/01,亞洲,VNHCM,TWKHH
1105,未知,2025/01,亞洲,VNHPH,TWKHH
26,未知,2025/01,亞洲,VNSGN,TWKHH
3662,未知,2025/01,亞洲,VNVUT,TWKHH
122,未知,2025/01,亞洲,CNDLI,TWKHH
2117,未知,2025/01,亞洲,CNFZU,TWKHH
1040,未知,2025/01,亞洲,CNNBO,TWKHH
1809,未知,2025/01,亞洲,CNQND,TWKHH
600,未知,2025/01,亞洲,CNRZH,TWKHH
1335,未知,2025/01,亞洲,CNSHG,TWKHH
1332,未知,2025/01,亞洲,CNXGA,TWKHH
1519,未知,2025/01,亞洲,CNXHK,TWKHH
20,未知,2025/01,亞洲,CNXHT,TWKHH
900,未知,2025/01,亞洲,CNXHW,TWKHH
1012,未知,2025/01,亞洲,CNXSM,TWKHH
2201,未知,2025/01,亞洲,CNXTH,TWKHH
952,未知,2025/01,亞洲,CNYJG,TWKHH
1,未知,2025/01,亞洲,HKGHK,TWKHH
4593,未知,2025/01,亞洲,HKHKG,TWKHH
22,未知,2025/01,亞洲,IDSUB,TWKHH
400,未知,2025/01,亞洲,INNXV,TWKHH
17,未知,2025/01,亞洲,JPKBE,TWKHH
29,未知,2025/01,亞洲,JPNGY,TWKHH
2,未知,2025/01,亞洲,JPSMZ,TWKHH
6,未知,2025/01,亞洲,JPTYO,TWKHH
7,未知,2025/01,亞洲,JPYKH,TWKHH
760,未知,2025/01,亞洲,KRICH,TWKHH
324,未知,2025/01,亞洲,KRKPQ,TWKHH
1222,未知,2025/01,亞洲,KRPUS,TWKHH
120,未知,2025/01,北美洲,MXMZO,TWKHH
8,未知,2025/01,南美洲,PECAL,TWKHH
9,未知,2025/01,亞洲,SGSGP,TWKHH
16,未知,2025/01,北美洲,USBAL,TWKHH
104,未知,2025/01,北美洲,USTCM,TWKHH
200,未知,2025/01,亞洲,VNDNG,TWKHH
22,未知,2025/01,亞洲,VNHPG,TWKHH
4,未知,2025/01,亞洲,CNDLC,TWTXG
52,未知,2025/01,亞洲,CNNGB,TWTXG
114,未知,2025/01,亞洲,CNRZH,TWTXG
364,未知,2025/01,亞洲,CNSHG,TWTXG
40,未知,2025/01,亞洲,CNTCA,TWTXG
42,未知,2025/01,亞洲,CNTSN,TWTXG
10,未知,2025/01,亞洲,CNTXG,TWTXG
42,未知,2025/01,亞洲,CNXMN,TWTXG
490,未知,2025/01,亞洲,CNNGB,TWTPE
294,未知,2025/01,亞洲,CNNSS,TWTPE
370,未知,2025/01,亞洲,CNSHG,TWTPE
1462,未知,2025/01,亞洲,CNSHK,TWTPE
566,未知,2025/01,亞洲,CNXMN,TWTPE
400,未知,2025/01,亞洲,CNYTN,TWTPE
1508,未知,2025/01,亞洲,HKHKG,TWTPE
30,未知,2025/01,亞洲,JPHKT,TWTPE
7,未知,2025/01,亞洲,JPMOJ,TWTPE
11,未知,2025/01,亞洲,JPNGO,TWTPE
21,未知,2025/01,亞洲,JPOSA,TWTPE
1,未知,2025/01,亞洲,JPSMZ,TWTPE
119,未知,2025/01,亞洲,JPTKY,TWTPE
13,未知,2025/01,亞洲,JPUKB,TWTPE
11,未知,2025/01,亞洲,JPYKK,TWTPE
43,未知,2025/01,亞洲,JPYOK,TWTPE
40,未知,2025/01,亞洲,KRINC,TWTPE
400,未知,2025/01,亞洲,KRKAN,TWTPE
57,未知,2025/01,亞洲,KRPUS,TWTPE
48,未知,2025/01,亞洲,KRUSN,TWTPE
300,未知,2025/01,亞洲,VNCLI,TWTPE
154,未知,2025/01,亞洲,VNDAD,TWTPE
14,未知,2025/01,亞洲,VNDNG,TWTPE
4,未知,2025/01,亞洲,VNHPH,TWTPE
360,未知,2025/01,亞洲,VNTCT,TWTPE
75,未知,2025/01,亞洲,CNCNG,TWTXG
208,未知,2025/01,亞洲,CNDLC,TWTXG
140,未知,2025/01,亞洲,CNHMN,TWTXG
4,未知,2025/01,亞洲,CNHSK,TWTXG
270,未知,2025/01,亞洲,CNJGY,TWTXG
182,未知,2025/01,亞洲,CNLYG,TWTXG
202,未知,2025/01,亞洲,CNNBO,TWTXG
1714,未知,2025/01,亞洲,CNNGB,TWTXG
80,未知,2025/01,亞洲,CNNSA,TWTXG
580,未知,2025/01,亞洲,CNRZH,TWTXG
972,未知,2025/01,亞洲,CNSHG,TWTXG
108,未知,2025/01,亞洲,CNSHG,TWTXG
476,未知,2025/01,亞洲,CNSHK,TWTXG
20,未知,2025/01,亞洲,CNSWA,TWTXG
456,未知,2025/01,亞洲,CNTAC,TWTXG
66,未知,2025/01,亞洲,CNTXG,TWTXG
380,未知,2025/01,亞洲,CNWNZ,TWTXG
624,未知,2025/01,亞洲,CNXIA,TWTXG
506,未知,2025/01,亞洲,CNXMN,TWTXG
172,未知,2025/01,歐洲,GBSUA,TWTXG
398,未知,2025/01,亞洲,HKHKG,TWTXG
1,未知,2025/01,亞洲,INNSA,TWTXG
80,未知,2025/01,亞洲,JPHSM,TWTXG
23,未知,2025/01,亞洲,JPKSM,TWTXG
6,未知,2025/01,亞洲,JPMOJ,TWTXG
180,未知,2025/01,亞洲,JPNAH,TWTXG
10,未知,2025/01,亞洲,JPNGO,TWTXG
19,未知,2025/01,亞洲,JPOSA,TWTXG
20,未知,2025/01,亞洲,JPSBS,TWTXG
161,未知,2025/01,亞洲,JPTYO,TWTXG
2,未知,2025/01,亞洲,JPUKB,TWTXG
8,未知,2025/01,亞洲,JPYAT,TWTXG
30,未知,2025/01,亞洲,JPYKK,TWTXG
159,未知,2025/01,亞洲,KRPUS,TWTXG
12,未知,2025/01,亞洲,KRUSN,TWTXG
4,未知,2025/02,亞洲,CNSHG,TWKHH
80,未知,2025/02,亞洲,VNCLI,TWKHH
324,未知,2025/02,亞洲,VNDAD,TWKHH
250,未知,2025/02,南美洲,CLVAP,TWKEL
4,未知,2025/02,亞洲,CNDLC,TWKEL
397,未知,2025/02,亞洲,CNGCT,TWKEL
40,未知,2025/02,亞洲,CNHMN,TWKEL
52,未知,2025/02,亞洲,CNHMP,TWKEL
2970,未知,2025/02,亞洲,CNNGB,TWKEL
80,未知,2025/02,亞洲,CNNSA,TWKEL
6,未知,2025/02,亞洲,CNRZH,TWKEL
2029,未知,2025/02,亞洲,CNSHG,TWKEL
684,未知,2025/02,亞洲,CNSHK,TWKEL
2271,未知,2025/02,亞洲,CNSHK,TWKEL
748,未知,2025/02,亞洲,CNTAC,TWKEL
720,未知,2025/02,亞洲,CNWNZ,TWKEL
160,未知,2025/02,亞洲,CNXMN,TWKEL
7221,未知,2025/02,亞洲,HKHKG,TWKEL
8,未知,2025/02,亞洲,JPHSM,TWKEL
10,未知,2025/02,亞洲,JPMYJ,TWKEL
6,未知,2025/02,亞洲,JPNGO,TWKEL
8,未知,2025/02,亞洲,JPUKB,TWKEL
160,未知,2025/02,亞洲,JPYOK,TWKEL
240,未知,2025/02,亞洲,KRINC,TWKEL
1664,未知,2025/02,亞洲,KRPUS,TWKEL
72,未知,2025/02,大洋洲,NZNPE,TWKEL
116,未知,2025/02,大洋洲,NZTRG,TWKEL
80,未知,2025/02,大洋洲,NZWLG,TWKEL
250,未知,2025/02,南美洲,PECLL,TWKEL
44,未知,2025/02,亞洲,THLCB,TWKEL
60,未知,2025/02,亞洲,THLCH,TWKEL
20,未知,2025/02,亞洲,VNCLI,TWKEL
64,未知,2025/02,亞洲,VNDAD,TWKEL
327,未知,2025/02,亞洲,VNSGN,TWKEL
129,未知,2025/02,大洋洲,AUBNE,TWKHH
250,未知,2025/02,大洋洲,AUMEL,TWKHH
1039,未知,2025/02,亞洲,CNFOC,TWKHH
21,未知,2025/02,亞洲,CNFUG,TWKHH
1,未知,2025/02,亞洲,CNGCT,TWKHH
97,未知,2025/02,亞洲,CNHSK,TWKHH
91,未知,2025/02,亞洲,CNJIA,TWKHH
100,未知,2025/02,亞洲,CNLYG,TWKHH
257,未知,2025/02,亞洲,CNMAW,TWKHH
197,未知,2025/02,亞洲,CNNGB,TWKHH
5,未知,2025/02,亞洲,CNNKG,TWKHH
32,未知,2025/02,亞洲,CNNSA,TWKHH
50,未知,2025/02,亞洲,CNNSS,TWKHH
306,未知,2025/02,亞洲,CNRZH,TWKHH
615,未知,2025/02,亞洲,CNSHG,TWKHH
128,未知,2025/02,亞洲,CNSHK,TWKHH
792,未知,2025/02,亞洲,CNSHK,TWKHH
260,未知,2025/02,亞洲,CNTAC,TWKHH
110,未知,2025/02,亞洲,CNWNZ,TWKHH
500,未知,2025/02,亞洲,CNXGA,TWKHH
48,未知,2025/02,亞洲,CNXGG,TWKHH
2629,未知,2025/02,亞洲,CNXMN,TWKHH
8553,未知,2025/02,亞洲,HKHKG,TWKHH
3,未知,2025/02,亞洲,IDSUB,TWKHH
1,未知,2025/02,亞洲,INNSA,TWKHH
3,未知,2025/02,亞洲,JPHIJ,TWKHH
52,未知,2025/02,亞洲,JPHKT,TWKHH
4,未知,2025/02,亞洲,JPHSM,TWKHH
10,未知,2025/02,亞洲,JPMOJ,TWKHH
2,未知,2025/02,亞洲,JPNAH,TWKHH
28,未知,2025/02,亞洲,JPNGO,TWKHH
16,未知,2025/02,亞洲,JPOSA,TWKHH
407,未知,2025/02,亞洲,JPTKY,TWKHH
2,未知,2025/02,亞洲,JPTYO,TWKHH
32,未知,2025/02,亞洲,JPUKB,TWKHH
30,未知,2025/02,亞洲,JPYAT,TWKHH
20,未知,2025/02,亞洲,JPYOK,TWKHH
17,未知,2025/02,亞洲,KRBNP,TWKHH
2,未知,2025/02,亞洲,KRKAN,TWKHH
2,未知,2025/02,亞洲,KRKWY,TWKHH
702,未知,2025/02,亞洲,KRPUS,TWKHH
1,未知,2025/02,亞洲,MYPGU,TWKHH
2,未知,2025/02,亞洲,MYPKG,TWKHH
170,未知,2025/02,亞洲,MYTPP,TWKHH
40,未知,2025/02,大洋洲,NZAKL,TWKHH
280,未知,2025/02,大洋洲,NZLYT,TWKHH
213,未知,2025/02,大洋洲,NZNPE,TWKHH
302,未知,2025/02,大洋洲,NZTRG,TWKHH
80,未知,2025/02,大洋洲,NZWLG,TWKHH
16,未知,2025/02,南美洲,PECLL,TWKHH
20,未知,2025/02,亞洲,PHCGY,TWKHH
170,未知,2025/02,亞洲,PHDVO,TWKHH
211,未知,2025/02,亞洲,PHGTC,TWKHH
686,未知,2025/02,亞洲,SGSIN,TWKHH
116,未知,2025/02,亞洲,THLCB,TWKHH
660,未知,2025/02,亞洲,THLCH,TWKHH
1,未知,2025/02,北美洲,USNYC,TWKHH
60,未知,2025/02,北美洲,USSEA,TWKHH
1016,未知,2025/02,亞洲,VNCLI,TWKHH
100,未知,2025/02,亞洲,VNCLP,TWKHH
500,未知,2025/02,亞洲,VNCMP,TWKHH
477,未知,2025/02,亞洲,VNDAD,TWKHH
187,未知,2025/02,亞洲,VNHCM,TWKHH
50,未知,2025/02,亞洲,VNSGN,TWKHH
1873,未知,2025/02,亞洲,VNVUT,TWKHH
6,未知,2025/02,非洲,ZACPT,TWKHH
38,未知,2025/02,亞洲,BNMRI,TWKHH
326,未知,2025/02,亞洲,CNDLI,TWKHH
88,未知,2025/02,亞洲,CNFOC,TWKHH
861,未知,2025/02,亞洲,CNFZU,TWKHH
110,未知,2025/02,亞洲,CNJYN,TWKHH
400,未知,2025/02,亞洲,CNNBO,TWKHH
4,未知,2025/02,亞洲,CNQND,TWKHH
606,未知,2025/02,亞洲,CNRZH,TWKHH
209,未知,2025/02,亞洲,CNSHG,TWKHH
850,未知,2025/02,亞洲,CNXGA,TWKHH
2023,未知,2025/02,亞洲,CNXHK,TWKHH
4,未知,2025/02,亞洲,CNXMN,TWKHH
713,未知,2025/02,亞洲,CNXSM,TWKHH
1101,未知,2025/02,亞洲,CNXTH,TWKHH
500,未知,2025/02,亞洲,CNYJG,TWKHH
300,未知,2025/02,歐洲,GRPIR,TWKHH
6054,未知,2025/02,亞洲,HKHKG,TWKHH
80,未知,2025/02,亞洲,JPHKT,TWKHH
66,未知,2025/02,亞洲,JPKBE,TWKHH
3,未知,2025/02,亞洲,JPNGY,TWKHH
14,未知,2025/02,亞洲,JPTYO,TWKHH
1802,未知,2025/02,亞洲,KRICH,TWKHH
150,未知,2025/02,亞洲,KRKPQ,TWKHH
770,未知,2025/02,亞洲,KRPUS,TWKHH
264,未知,2025/02,北美洲,MXMZO,TWKHH
1,未知,2025/02,亞洲,MYJHR,TWKHH
92,未知,2025/02,南美洲,PECAL,TWKHH
440,未知,2025/02,亞洲,SGSGP,TWKHH
352,未知,2025/02,亞洲,THLCH,TWKHH
8,未知,2025/02,北美洲,USNFK,TWKHH
12,未知,2025/02,北美洲,USNYC,TWKHH
500,未知,2025/02,北美洲,USTCM,TWKHH
80,未知,2025/02,亞洲,VNDNG,TWKHH
2,未知,2025/02,亞洲,VNHCM,TWKHH
2,未知,2025/02,亞洲,VNHPG,TWKHH
208,未知,2025/02,亞洲,CNNGB,TWTXG
408,未知,2025/02,亞洲,CNSHG,TWTXG
10,未知,2025/02,亞洲,CNXMN,TWTXG
8,未知,2025/02,亞洲,CNFOC,TWTPE
4,未知,2025/02,亞洲,CNNGB,TWTPE
296,未知,2025/02,亞洲,CNSHG,TWTPE
532,未知,2025/02,亞洲,CNSHK,TWTPE
574,未知,2025/02,亞洲,CNXMN,TWTPE
100,未知,2025/02,亞洲,HKHKG,TWTPE
1,未知,2025/02,亞洲,INNSA,TWTPE
426,未知,2025/02,亞洲,JPHKT,TWTPE
66,未知,2025/02,亞洲,JPMOJ,TWTPE
15,未知,2025/02,亞洲,JPNGO,TWTPE
2,未知,2025/02,亞洲,JPOSA,TWTPE
1,未知,2025/02,亞洲,JPSMZ,TWTPE
160,未知,2025/02,亞洲,JPTKY,TWTPE
13,未知,2025/02,亞洲,JPTYO,TWTPE
1,未知,2025/02,亞洲,JPUKB,TWTPE
14,未知,2025/02,亞洲,JPYKK,TWTPE
52,未知,2025/02,亞洲,JPYOK,TWTPE
433,未知,2025/02,亞洲,KRKAN,TWTPE
342,未知,2025/02,亞洲,KRPUS,TWTPE
6,未知,2025/02,亞洲,KRUSN,TWTPE
4,未知,2025/02,亞洲,MYPKG,TWTPE
240,未知,2025/02,亞洲,VNCLI,TWTPE
64,未知,2025/02,亞洲,CNDLC,TWTXG
18,未知,2025/02,亞洲,CNGCT,TWTXG
144,未知,2025/02,亞洲,CNHMN,TWTXG
16,未知,2025/02,亞洲,CNLYG,TWTXG
80,未知,2025/02,亞洲,CNNBO,TWTXG
1136,未知,2025/02,亞洲,CNNGB,TWTXG
40,未知,2025/02,亞洲,CNNSA,TWTXG
92,未知,2025/02,亞洲,CNRZH,TWTXG
457,未知,2025/02,亞洲,CNSHG,TWTXG
2,未知,2025/02,亞洲,CNSHG,TWTXG
96,未知,2025/02,亞洲,CNSHK,TWTXG
140,未知,2025/02,亞洲,CNTAC,TWTXG
2,未知,2025/02,亞洲,CNTAO,TWTXG
192,未知,2025/02,亞洲,CNTXG,TWTXG
80,未知,2025/02,亞洲,CNWNZ,TWTXG
306,未知,2025/02,亞洲,CNXIA,TWTXG
209,未知,2025/02,亞洲,CNXMN,TWTXG
180,未知,2025/02,歐洲,GBSUA,TWTXG
1116,未知,2025/02,亞洲,HKHKG,TWTXG
1,未知,2025/02,亞洲,INNSA,TWTXG
40,未知,2025/02,亞洲,JPHSM,TWTXG
91,未知,2025/02,亞洲,JPKSM,TWTXG
15,未知,2025/02,亞洲,JPMOJ,TWTXG
8,未知,2025/02,亞洲,JPMYJ,TWTXG
130,未知,2025/02,亞洲,JPNAH,TWTXG
21,未知,2025/02,亞洲,JPOSA,TWTXG
80,未知,2025/02,亞洲,JPSBS,TWTXG
61,未知,2025/02,亞洲,JPTYO,TWTXG
12,未知,2025/02,亞洲,JPYKK,TWTXG
18,未知,2025/02,亞洲,JPYOK,TWTXG
45,未知,2025/02,亞洲,KRPUS,TWTXG
9,未知,2025/02,亞洲,KRUSN,TWTXG
300,未知,2025/02,亞洲,MYTPP,TWTXG
8,未知,2025/02,亞洲,VNCLP,TWTXG
100,未知,2025/02,亞洲,VNDAD,TWTXG
200,未知,2025/03,亞洲,CNFOC,TWKHH
96,未知,2025/03,亞洲,CNJYN,TWKHH
20,未知,2025/03,亞洲,CNXMN,TWKHH
8,未知,2025/03,亞洲,VNDAD,TWKHH
220,未知,2025/03,亞洲,VNHPH,TWKHH
200,未知,2025/03,南美洲,CLSVE,TWKEL
620,未知,2025/03,亞洲,CNATG,TWKEL
431,未知,2025/03,亞洲,CNDLC,TWKEL
197,未知,2025/03,亞洲,CNGCT,TWKEL
12,未知,2025/03,亞洲,CNHMN,TWKEL
24,未知,2025/03,亞洲,CNHMP,TWKEL
100,未知,2025/03,亞洲,CNJGY,TWKEL
4,未知,2025/03,亞洲,CNLYG,TWKEL
30,未知,2025/03,亞洲,CNNBO,TWKEL
2189,未知,2025/03,亞洲,CNNGB,TWKEL
44,未知,2025/03,亞洲,CNNIN,TWKEL
24,未知,2025/03,亞洲,CNNSA,TWKEL
420,未知,2025/03,亞洲,CNNSS,TWKEL
288,未知,2025/03,亞洲,CNRZH,TWKEL
2366,未知,2025/03,亞洲,CNSHG,TWKEL
1958,未知,2025/03,亞洲,CNSHK,TWKEL
6492,未知,2025/03,亞洲,CNSHK,TWKEL
1720,未知,2025/03,亞洲,CNSWA,TWKEL
660,未知,2025/03,亞洲,CNTAC,TWKEL
536,未知,2025/03,亞洲,CNTCA,TWKEL
34,未知,2025/03,亞洲,CNTSN,TWKEL
1854,未知,2025/03,亞洲,CNWNZ,TWKEL
428,未知,2025/03,亞洲,CNXGG,TWKEL
366,未知,2025/03,亞洲,CNXMN,TWKEL
990,未知,2025/03,亞洲,CNXNG,TWKEL
8350,未知,2025/03,亞洲,HKHKG,TWKEL
10,未知,2025/03,亞洲,JPMYJ,TWKEL
50,未知,2025/03,亞洲,JPNGO,TWKEL
68,未知,2025/03,亞洲,JPOIT,TWKEL
150,未知,2025/03,亞洲,JPUKB,TWKEL
4,未知,2025/03,亞洲,JPYAT,TWKEL
20,未知,2025/03,亞洲,KRINC,TWKEL
201,未知,2025/03,亞洲,KRPUS,TWKEL
300,未知,2025/03,大洋洲,NZLYT,TWKEL
20,未知,2025/03,大洋洲,NZNPE,TWKEL
4,未知,2025/03,大洋洲,NZWLG,TWKEL
430,未知,2025/03,南美洲,PECLL,TWKEL
34,未知,2025/03,亞洲,THLCH,TWKEL
162,未知,2025/03,亞洲,VNCLI,TWKEL
160,未知,2025/03,亞洲,VNCLP,TWKEL
330,未知,2025/03,亞洲,VNDAD,TWKEL
46,未知,2025/03,亞洲,VNSGN,TWKEL
160,未知,2025/03,亞洲,CNXMN,TWKHG
399,未知,2025/03,大洋洲,AUMEL,TWKHH
12,未知,2025/03,大洋洲,AUSYD,TWKHH
860,未知,2025/03,亞洲,CNDLC,TWKHH
2582,未知,2025/03,亞洲,CNFOC,TWKHH
100,未知,2025/03,亞洲,CNFUG,TWKHH
88,未知,2025/03,亞洲,CNGCT,TWKHH
2,未知,2025/03,亞洲,CNHMN,TWKHH
373,未知,2025/03,亞洲,CNHSK,TWKHH
648,未知,2025/03,亞洲,CNJIA,TWKHH
204,未知,2025/03,亞洲,CNJYN,TWKHH
20,未知,2025/03,亞洲,CNMAW,TWKHH
551,未知,2025/03,亞洲,CNNGB,TWKHH
30,未知,2025/03,亞洲,CNNSA,TWKHH
622,未知,2025/03,亞洲,CNRZH,TWKHH
1685,未知,2025/03,亞洲,CNSHG,TWKHH
302,未知,2025/03,亞洲,CNSHK,TWKHH
535,未知,2025/03,亞洲,CNSHK,TWKHH
90,未知,2025/03,亞洲,CNSWA,TWKHH
410,未知,2025/03,亞洲,CNTAC,TWKHH
6,未知,2025/03,亞洲,CNTAO,TWKHH
2,未知,2025/03,亞洲,CNTCA,TWKHH
89,未知,2025/03,亞洲,CNTXG,TWKHH
220,未知,2025/03,亞洲,CNWNZ,TWKHH
10,未知,2025/03,亞洲,CNXGA,TWKHH
102,未知,2025/03,亞洲,CNXGG,TWKHH
800,未知,2025/03,亞洲,CNXHK,TWKHH
20,未知,2025/03,亞洲,CNXHT,TWKHH
150,未知,2025/03,亞洲,CNXIA,TWKHH
3021,未知,2025/03,亞洲,CNXMN,TWKHH
764,未知,2025/03,亞洲,CNXTH,TWKHH
638,未知,2025/03,亞洲,CNYJG,TWKHH
6563,未知,2025/03,亞洲,HKHKG,TWKHH
266,未知,2025/03,亞洲,HKHKM,TWKHH
206,未知,2025/03,亞洲,IDSUB,TWKHH
14,未知,2025/03,亞洲,INNSA,TWKHH
2,未知,2025/03,亞洲,JPHSM,TWKHH
63,未知,2025/03,亞洲,JPMOJ,TWKHH
12,未知,2025/03,亞洲,JPMYJ,TWKHH
64,未知,2025/03,亞洲,JPNGO,TWKHH
1,未知,2025/03,亞洲,JPOSA,TWKHH
4,未知,2025/03,亞洲,JPSBS,TWKHH
256,未知,2025/03,亞洲,JPTKY,TWKHH
7,未知,2025/03,亞洲,JPTYO,TWKHH
28,未知,2025/03,亞洲,JPUKB,TWKHH
6,未知,2025/03,亞洲,JPYAT,TWKHH
148,未知,2025/03,亞洲,JPYOK,TWKHH
99,未知,2025/03,亞洲,KRBNP,TWKHH
100,未知,2025/03,亞洲,KRINC,TWKHH
3,未知,2025/03,亞洲,KRKAN,TWKHH
6,未知,2025/03,亞洲,KRKWY,TWKHH
1025,未知,2025/03,亞洲,KRPUS,TWKHH
5,未知,2025/03,亞洲,KRUSN,TWKHH
68,未知,2025/03,亞洲,MYTPP,TWKHH
8,未知,2025/03,亞洲,MYWSP,TWKHH
2,未知,2025/03,大洋洲,NZLYT,TWKHH
134,未知,2025/03,大洋洲,NZNPE,TWKHH
224,未知,2025/03,大洋洲,NZTRG,TWKHH
240,未知,2025/03,亞洲,PHDVO,TWKHH
250,未知,2025/03,亞洲,PHGTC,TWKHH
422,未知,2025/03,亞洲,SGSIN,TWKHH
2,未知,2025/03,亞洲,THBKK,TWKHH
26,未知,2025/03,亞洲,THLCH,TWKHH
1088,未知,2025/03,亞洲,VNCLI,TWKHH
453,未知,2025/03,亞洲,VNCLP,TWKHH
36,未知,2025/03,亞洲,VNDAD,TWKHH
407,未知,2025/03,亞洲,VNHPH,TWKHH
102,未知,2025/03,亞洲,VNSGN,TWKHH
5598,未知,2025/03,亞洲,VNVUT,TWKHH
190,未知,2025/03,亞洲,CNWNZ,TWKEL
80,未知,2025/03,未知,TESHG,TWKEL
240,未知,2025/03,南美洲,CLVAL,TWKHH
655,未知,2025/03,亞洲,CNDLI,TWKHH
912,未知,2025/03,亞洲,CNFZU,TWKHH
1637,未知,2025/03,亞洲,CNNBO,TWKHH
1127,未知,2025/03,亞洲,CNQND,TWKHH
1700,未知,2025/03,亞洲,CNRZH,TWKHH
635,未知,2025/03,亞洲,CNSHG,TWKHH
483,未知,2025/03,亞洲,CNXGA,TWKHH
1473,未知,2025/03,亞洲,CNXHK,TWKHH
703,未知,2025/03,亞洲,CNXSM,TWKHH
718,未知,2025/03,亞洲,CNXTH,TWKHH
512,未知,2025/03,亞洲,CNYJG,TWKHH
100,未知,2025/03,歐洲,ESVLC,TWKHH
100,未知,2025/03,歐洲,GRPIR,TWKHH
6044,未知,2025/03,亞洲,HKHKG,TWKHH
186,未知,2025/03,亞洲,IDDKT,TWKHH
86,未知,2025/03,亞洲,IDSUB,TWKHH
4,未知,2025/03,亞洲,JPHKT,TWKHH
20,未知,2025/03,亞洲,JPKBE,TWKHH
30,未知,2025/03,亞洲,JPMJI,TWKHH
1,未知,2025/03,亞洲,JPNGY,TWKHH
2,未知,2025/03,亞洲,JPYKH,TWKHH
2154,未知,2025/03,亞洲,KRICH,TWKHH
1015,未知,2025/03,亞洲,KRPUS,TWKHH
212,未知,2025/03,北美洲,MXMZO,TWKHH
2,未知,2025/03,亞洲,MYJHR,TWKHH
1,未知,2025/03,亞洲,MYPEN,TWKHH
1,未知,2025/03,亞洲,MYPKL,TWKHH
160,未知,2025/03,南美洲,PECAL,TWKHH
80,未知,2025/03,亞洲,SGSGP,TWKHH
500,未知,2025/03,亞洲,THLCH,TWKHH
14,未知,2025/03,北美洲,USBAL,TWKHH
7,未知,2025/03,北美洲,USLAX,TWKHH
8,未知,2025/03,北美洲,USNFK,TWKHH
2,未知,2025/03,北美洲,USNYC,TWKHH
101,未知,2025/03,亞洲,VNDNG,TWKHH
163,未知,2025/03,亞洲,VNHCM,TWKHH
20,未知,2025/03,亞洲,VNHPG,TWKHH
60,未知,2025/03,亞洲,CNSHG,TWTXG
60,未知,2025/03,亞洲,CNWNZ,TWTXG
17,未知,2025/03,亞洲,CNDLC,TWTXG
206,未知,2025/03,亞洲,CNNGB,TWTXG
30,未知,2025/03,亞洲,CNNIN,TWTXG
196,未知,2025/03,亞洲,CNSHG,TWTXG
77,未知,2025/03,亞洲,CNTSN,TWTXG
226,未知,2025/03,亞洲,CNNGB,TWTPE
180,未知,2025/03,亞洲,CNSHG,TWTPE
617,未知,2025/03,亞洲,CNSHK,TWTPE
142,未知,2025/03,亞洲,CNXHT,TWTPE
549,未知,2025/03,亞洲,CNXMN,TWTPE
738,未知,2025/03,亞洲,HKHKG,TWTPE
90,未知,2025/03,亞洲,IDDKT,TWTPE
130,未知,2025/03,亞洲,IDJKT,TWTPE
25,未知,2025/03,亞洲,IDSUB,TWTPE
61,未知,2025/03,亞洲,JPHKT,TWTPE
55,未知,2025/03,亞洲,JPMOJ,TWTPE
5,未知,2025/03,亞洲,JPNGO,TWTPE
22,未知,2025/03,亞洲,JPOSA,TWTPE
1,未知,2025/03,亞洲,JPSMZ,TWTPE
135,未知,2025/03,亞洲,JPTKY,TWTPE
2,未知,2025/03,亞洲,JPTYO,TWTPE
1,未知,2025/03,亞洲,JPUKB,TWTPE
43,未知,2025/03,亞洲,JPYOK,TWTPE
20,未知,2025/03,亞洲,KRICH,TWTPE
288,未知,2025/03,亞洲,KRINC,TWTPE
2,未知,2025/03,亞洲,KRKAN,TWTPE
1163,未知,2025/03,亞洲,KRPUS,TWTPE
1019,未知,2025/03,亞洲,KRUSN,TWTPE
77,未知,2025/03,亞洲,MYPKG,TWTPE
850,未知,2025/03,亞洲,VNCLI,TWTPE
240,未知,2025/03,亞洲,VNDAD,TWTPE
200,未知,2025/03,亞洲,VNTCT,TWTPE
100,未知,2025/03,亞洲,VNTOT,TWTPE
43,未知,2025/03,亞洲,CNGCT,TWTXG
10,未知,2025/03,亞洲,CNJGY,TWTXG
60,未知,2025/03,亞洲,CNLYG,TWTXG
797,未知,2025/03,亞洲,CNNGB,TWTXG
252,未知,2025/03,亞洲,CNNSA,TWTXG
10,未知,2025/03,亞洲,CNRZH,TWTXG
349,未知,2025/03,亞洲,CNSHG,TWTXG
398,未知,2025/03,亞洲,CNSHK,TWTXG
12,未知,2025/03,亞洲,CNSHK,TWTXG
252,未知,2025/03,亞洲,CNSWA,TWTXG
201,未知,2025/03,亞洲,CNTAC,TWTXG
126,未知,2025/03,亞洲,CNTXG,TWTXG
180,未知,2025/03,亞洲,CNWNZ,TWTXG
338,未知,2025/03,亞洲,CNXIA,TWTXG
354,未知,2025/03,亞洲,CNXMN,TWTXG
234,未知,2025/03,歐洲,GBSUA,TWTXG
1559,未知,2025/03,亞洲,HKHKG,TWTXG
4,未知,2025/03,亞洲,JPHSM,TWTXG
9,未知,2025/03,亞洲,JPKSM,TWTXG
14,未知,2025/03,亞洲,JPMOJ,TWTXG
8,未知,2025/03,亞洲,JPMYJ,TWTXG
20,未知,2025/03,亞洲,JPNAH,TWTXG
20,未知,2025/03,亞洲,JPNGO,TWTXG
20,未知,2025/03,亞洲,JPOSA,TWTXG
60,未知,2025/03,亞洲,JPSBS,TWTXG
115,未知,2025/03,亞洲,JPTYO,TWTXG
2,未知,2025/03,亞洲,JPUKB,TWTXG
2,未知,2025/03,亞洲,JPYAT,TWTXG
27,未知,2025/03,亞洲,JPYKK,TWTXG
4,未知,2025/03,亞洲,JPYOK,TWTXG
12,未知,2025/03,亞洲,KRINC,TWTXG
4,未知,2025/03,亞洲,KRKAN,TWTXG
63,未知,2025/03,亞洲,KRPUS,TWTXG
10,未知,2025/03,亞洲,KRUSN,TWTXG
329,未知,2025/03,亞洲,MYTPP,TWTXG
20,未知,2025/03,亞洲,THBKK,TWTXG
10,未知,2025/03,亞洲,VNCLP,TWTXG
90,未知,2025/04,亞洲,CNXMN,TWHMM
14,未知,2025/04,亞洲,CNFOC,TWKHH
516,未知,2025/04,亞洲,CNXMN,TWKHH
460,未知,2025/04,南美洲,CLSVE,TWKEL
135,未知,2025/04,亞洲,CNDLC,TWKEL
288,未知,2025/04,亞洲,CNGCT,TWKEL
280,未知,2025/04,亞洲,CNJGY,TWKEL
89,未知,2025/04,亞洲,CNNBO,TWKEL
3846,未知,2025/04,亞洲,CNNGB,TWKEL
270,未知,2025/04,亞洲,CNNSA,TWKEL
1430,未知,2025/04,亞洲,CNNSS,TWKEL
2,未知,2025/04,亞洲,CNPUS,TWKEL
104,未知,2025/04,亞洲,CNRZH,TWKEL
2136,未知,2025/04,亞洲,CNSHG,TWKEL
1236,未知,2025/04,亞洲,CNSHK,TWKEL
2939,未知,2025/04,亞洲,CNSHK,TWKEL
1556,未知,2025/04,亞洲,CNSWA,TWKEL
1562,未知,2025/04,亞洲,CNTAC,TWKEL
8,未知,2025/04,亞洲,CNTSN,TWKEL
860,未知,2025/04,亞洲,CNWNZ,TWKEL
80,未知,2025/04,亞洲,CNXGG,TWKEL
1146,未知,2025/04,亞洲,CNXMN,TWKEL
8680,未知,2025/04,亞洲,HKHKG,TWKEL
6,未知,2025/04,亞洲,JPMYJ,TWKEL
140,未知,2025/04,亞洲,JPNGO,TWKEL
10,未知,2025/04,亞洲,JPOIT,TWKEL
143,未知,2025/04,亞洲,KRINC,TWKEL
439,未知,2025/04,亞洲,KRPUS,TWKEL
200,未知,2025/04,大洋洲,NZLYT,TWKEL
178,未知,2025/04,大洋洲,NZNPE,TWKEL
4,未知,2025/04,大洋洲,NZWLG,TWKEL
9,未知,2025/04,亞洲,THBKK,TWKEL
294,未知,2025/04,亞洲,VNCLI,TWKEL
386,未知,2025/04,亞洲,VNCLP,TWKEL
300,未知,2025/04,亞洲,VNHPH,TWKEL
138,未知,2025/04,亞洲,VNSGN,TWKEL
14,未知,2025/04,亞洲,CNFOC,TWKHG
90,未知,2025/04,亞洲,CNXMN,TWKHG
157,未知,2025/04,大洋洲,AUBNE,TWKHH
148,未知,2025/04,大洋洲,AUMEL,TWKHH
1010,未知,2025/04,亞洲,CNDLC,TWKHH
1340,未知,2025/04,亞洲,CNFOC,TWKHH
74,未知,2025/04,亞洲,CNFUG,TWKHH
70,未知,2025/04,亞洲,CNGCT,TWKHH
110,未知,2025/04,亞洲,CNHMP,TWKHH
47,未知,2025/04,亞洲,CNHSK,TWKHH
844,未知,2025/04,亞洲,CNJIA,TWKHH
194,未知,2025/04,亞洲,CNJYN,TWKHH
135,未知,2025/04,亞洲,CNMAW,TWKHH
1394,未知,2025/04,亞洲,CNNGB,TWKHH
12,未知,2025/04,亞洲,CNNSA,TWKHH
2,未知,2025/04,亞洲,CNQZH,TWKHH
664,未知,2025/04,亞洲,CNRZH,TWKHH
1147,未知,2025/04,亞洲,CNSHG,TWKHH
552,未知,2025/04,亞洲,CNSHK,TWKHH
1382,未知,2025/04,亞洲,CNSHK,TWKHH
138,未知,2025/04,亞洲,CNSWA,TWKHH
460,未知,2025/04,亞洲,CNTAC,TWKHH
2,未知,2025/04,亞洲,CNTAO,TWKHH
37,未知,2025/04,亞洲,CNTXG,TWKHH
440,未知,2025/04,亞洲,CNWNZ,TWKHH
200,未知,2025/04,亞洲,CNXGG,TWKHH
2442,未知,2025/04,亞洲,CNXMN,TWKHH
300,未知,2025/04,亞洲,CNYJG,TWKHH
3735,未知,2025/04,亞洲,HKHKG,TWKHH
121,未知,2025/04,亞洲,HKHKM,TWKHH
24,未知,2025/04,亞洲,IDSUB,TWKHH
3,未知,2025/04,亞洲,INNSA,TWKHH
8,未知,2025/04,亞洲,JPHKT,TWKHH
67,未知,2025/04,亞洲,JPMOJ,TWKHH
4,未知,2025/04,亞洲,JPMYJ,TWKHH
19,未知,2025/04,亞洲,JPNGO,TWKHH
4,未知,2025/04,亞洲,JPOIT,TWKHH
64,未知,2025/04,亞洲,JPTKY,TWKHH
1,未知,2025/04,亞洲,JPTYO,TWKHH
26,未知,2025/04,亞洲,JPUKB,TWKHH
6,未知,2025/04,亞洲,JPYAT,TWKHH
12,未知,2025/04,亞洲,JPYKK,TWKHH
23,未知,2025/04,亞洲,JPYOK,TWKHH
307,未知,2025/04,亞洲,KRBNP,TWKHH
1220,未知,2025/04,亞洲,KRINC,TWKHH
4,未知,2025/04,亞洲,KRKAN,TWKHH
6,未知,2025/04,亞洲,KRKWY,TWKHH
2021,未知,2025/04,亞洲,KRPUS,TWKHH
5,未知,2025/04,亞洲,KRUSN,TWKHH
4,未知,2025/04,亞洲,MYPKG,TWKHH
270,未知,2025/04,亞洲,MYTPP,TWKHH
130,未知,2025/04,大洋洲,NZLYT,TWKHH
528,未知,2025/04,大洋洲,NZNPE,TWKHH
188,未知,2025/04,大洋洲,NZTRG,TWKHH
240,未知,2025/04,亞洲,PHDVO,TWKHH
104,未知,2025/04,亞洲,PHGTC,TWKHH
8,未知,2025/04,亞洲,SGSIN,TWKHH
13,未知,2025/04,亞洲,THBKK,TWKHH
26,未知,2025/04,亞洲,THLCH,TWKHH
22,未知,2025/04,北美洲,USORF,TWKHH
20,未知,2025/04,北美洲,USSEA,TWKHH
1416,未知,2025/04,亞洲,VNCLI,TWKHH
602,未知,2025/04,亞洲,VNCLP,TWKHH
60,未知,2025/04,亞洲,VNDAD,TWKHH
210,未知,2025/04,亞洲,VNHCM,TWKHH
1555,未知,2025/04,亞洲,VNHPH,TWKHH
3360,未知,2025/04,亞洲,VNVUT,TWKHH
150,未知,2025/04,亞洲,CNWNZ,TWKEL
90,未知,2025/04,南美洲,CLVAL,TWKHH
60,未知,2025/04,亞洲,CNDLI,TWKHH
1945,未知,2025/04,亞洲,CNFZU,TWKHH
501,未知,2025/04,亞洲,CNNBO,TWKHH
491,未知,2025/04,亞洲,CNQND,TWKHH
922,未知,2025/04,亞洲,CNRZH,TWKHH
572,未知,2025/04,亞洲,CNSHG,TWKHH
2820,未知,2025/04,亞洲,CNXGA,TWKHH
3586,未知,2025/04,亞洲,CNXHK,TWKHH
748,未知,2025/04,亞洲,CNXSM,TWKHH
1471,未知,2025/04,亞洲,CNXTH,TWKHH
692,未知,2025/04,亞洲,CNYJG,TWKHH
50,未知,2025/04,歐洲,ESVLC,TWKHH
2354,未知,2025/04,亞洲,HKHKG,TWKHH
16,未知,2025/04,亞洲,IDDKT,TWKHH
60,未知,2025/04,亞洲,INMUN,TWKHH
204,未知,2025/04,亞洲,INNXV,TWKHH
25,未知,2025/04,亞洲,JPHKT,TWKHH
48,未知,2025/04,亞洲,JPKBE,TWKHH
7,未知,2025/04,亞洲,JPNGY,TWKHH
4440,未知,2025/04,亞洲,KRICH,TWKHH
68,未知,2025/04,亞洲,KRKPQ,TWKHH
1038,未知,2025/04,亞洲,KRPUS,TWKHH
300,未知,2025/04,北美洲,MXMZO,TWKHH
2,未知,2025/04,亞洲,MYPKL,TWKHH
3,未知,2025/04,亞洲,SGSGP,TWKHH
229,未知,2025/04,亞洲,THLCH,TWKHH
4,未知,2025/04,北美洲,USNFK,TWKHH
4,未知,2025/04,北美洲,USNYC,TWKHH
400,未知,2025/04,北美洲,USTCM,TWKHH
40,未知,2025/04,亞洲,VNDNG,TWKHH
64,未知,2025/04,亞洲,VNHCM,TWKHH
20,未知,2025/04,亞洲,VNHPG,TWKHH
30,未知,2025/04,亞洲,CNSHG,TWTXG
100,未知,2025/04,亞洲,CNWNZ,TWTXG
8,未知,2025/04,亞洲,CNDLC,TWTXG
334,未知,2025/04,亞洲,CNNGB,TWTXG
37,未知,2025/04,亞洲,CNSHG,TWTXG
62,未知,2025/04,亞洲,CNTSN,TWTXG
144,未知,2025/04,亞洲,CNNBO,TWTPE
166,未知,2025/04,亞洲,CNNGB,TWTPE
619,未知,2025/04,亞洲,CNSHG,TWTPE
1791,未知,2025/04,亞洲,CNSHK,TWTPE
433,未知,2025/04,亞洲,CNXMN,TWTPE
416,未知,2025/04,亞洲,HKHKG,TWTPE
15,未知,2025/04,亞洲,IDJKT,TWTPE
54,未知,2025/04,亞洲,JPHKT,TWTPE
4,未知,2025/04,亞洲,JPMOJ,TWTPE
11,未知,2025/04,亞洲,JPNGO,TWTPE
2,未知,2025/04,亞洲,JPOSA,TWTPE
1,未知,2025/04,亞洲,JPSMZ,TWTPE
100,未知,2025/04,亞洲,JPTKY,TWTPE
5,未知,2025/04,亞洲,JPTYO,TWTPE
8,未知,2025/04,亞洲,JPUKB,TWTPE
11,未知,2025/04,亞洲,JPYOK,TWTPE
2,未知,2025/04,亞洲,KRINC,TWTPE
403,未知,2025/04,亞洲,KRPUS,TWTPE
758,未知,2025/04,亞洲,KRUSN,TWTPE
8,未知,2025/04,亞洲,MYPKG,TWTPE
2,未知,2025/04,亞洲,SGSIN,TWTPE
4,未知,2025/04,北美洲,USOAK,TWTPE
477,未知,2025/04,亞洲,VNCLI,TWTPE
2,未知,2025/04,亞洲,VNHPH,TWTPE
1424,未知,2025/04,亞洲,VNTCT,TWTPE
240,未知,2025/04,亞洲,VNTOT,TWTPE
1,未知,2025/04,亞洲,CNDLC,TWTXG
55,未知,2025/04,亞洲,CNGCT,TWTXG
104,未知,2025/04,亞洲,CNHMP,TWTXG
102,未知,2025/04,亞洲,CNJGY,TWTXG
30,未知,2025/04,亞洲,CNLYG,TWTXG
162,未知,2025/04,亞洲,CNNBO,TWTXG
2161,未知,2025/04,亞洲,CNNGB,TWTXG
2,未知,2025/04,亞洲,CNNSA,TWTXG
138,未知,2025/04,亞洲,CNRZH,TWTXG
970,未知,2025/04,亞洲,CNSHG,TWTXG
198,未知,2025/04,亞洲,CNSHG,TWTXG
256,未知,2025/04,亞洲,CNSHK,TWTXG
132,未知,2025/04,亞洲,CNSHK,TWTXG
26,未知,2025/04,亞洲,CNSWA,TWTXG
457,未知,2025/04,亞洲,CNTAC,TWTXG
120,未知,2025/04,亞洲,CNTXG,TWTXG
360,未知,2025/04,亞洲,CNWNZ,TWTXG
418,未知,2025/04,亞洲,CNXIA,TWTXG
253,未知,2025/04,亞洲,CNXMN,TWTXG
368,未知,2025/04,歐洲,GBSUA,TWTXG
1140,未知,2025/04,亞洲,HKHKG,TWTXG
24,未知,2025/04,亞洲,IDSUB,TWTXG
21,未知,2025/04,亞洲,JPHKT,TWTXG
12,未知,2025/04,亞洲,JPKSM,TWTXG
12,未知,2025/04,亞洲,JPMOJ,TWTXG
20,未知,2025/04,亞洲,JPNAH,TWTXG
12,未知,2025/04,亞洲,JPNGO,TWTXG
10,未知,2025/04,亞洲,JPOIT,TWTXG
19,未知,2025/04,亞洲,JPOSA,TWTXG
80,未知,2025/04,亞洲,JPSBS,TWTXG
2,未知,2025/04,亞洲,JPSMZ,TWTXG
91,未知,2025/04,亞洲,JPTYO,TWTXG
1,未知,2025/04,亞洲,JPUKB,TWTXG
38,未知,2025/04,亞洲,JPYKK,TWTXG
22,未知,2025/04,亞洲,JPYOK,TWTXG
8,未知,2025/04,亞洲,KRINC,TWTXG
20,未知,2025/04,亞洲,KRKWY,TWTXG
116,未知,2025/04,亞洲,KRPUS,TWTXG
10,未知,2025/04,亞洲,KRUSN,TWTXG
2,未知,2025/04,亞洲,MYPKG,TWTXG
7,未知,2025/04,亞洲,VNCLP,TWTXG
20,未知,2025/05,亞洲,PHMNN,TWKAA
400,未知,2025/05,亞洲,HKHKG,TWKHH
4,未知,2025/05,北美洲,CAVAN,TWKEL
260,未知,2025/05,南美洲,CLSVE,TWKEL
378,未知,2025/05,亞洲,CNDLC,TWKEL
164,未知,2025/05,亞洲,CNGCT,TWKEL
180,未知,2025/05,亞洲,CNHMN,TWKEL
265,未知,2025/05,亞洲,CNHSK,TWKEL
201,未知,2025/05,亞洲,CNJGY,TWKEL
180,未知,2025/05,亞洲,CNKHH,TWKEL
4356,未知,2025/05,亞洲,CNNGB,TWKEL
400,未知,2025/05,亞洲,CNNSA,TWKEL
280,未知,2025/05,亞洲,CNNSS,TWKEL
90,未知,2025/05,亞洲,CNRZH,TWKEL
2608,未知,2025/05,亞洲,CNSHG,TWKEL
2253,未知,2025/05,亞洲,CNSHK,TWKEL
2800,未知,2025/05,亞洲,CNSHK,TWKEL
1917,未知,2025/05,亞洲,CNSWA,TWKEL
2128,未知,2025/05,亞洲,CNTAC,TWKEL
1844,未知,2025/05,亞洲,CNWNZ,TWKEL
30,未知,2025/05,亞洲,CNXGG,TWKEL
266,未知,2025/05,亞洲,CNXMN,TWKEL
10490,未知,2025/05,亞洲,HKHKG,TWKEL
50,未知,2025/05,亞洲,JPNGO,TWKEL
42,未知,2025/05,亞洲,JPOIT,TWKEL
100,未知,2025/05,亞洲,JPYOK,TWKEL
60,未知,2025/05,亞洲,KRINC,TWKEL
343,未知,2025/05,亞洲,KRPUS,TWKEL
2,未知,2025/05,北美洲,MXZLO,TWKEL
128,未知,2025/05,大洋洲,NZLYT,TWKEL
440,未知,2025/05,大洋洲,NZNPE,TWKEL
560,未知,2025/05,大洋洲,NZTRG,TWKEL
2,未知,2025/05,亞洲,SGSIN,TWKEL
2,未知,2025/05,北美洲,USPDX,TWKEL
220,未知,2025/05,亞洲,VNCLI,TWKEL
480,未知,2025/05,亞洲,VNCLP,TWKEL
500,未知,2025/05,亞洲,VNHPH,TWKEL
126,未知,2025/05,亞洲,CNXMN,TWKHG
8,未知,2025/05,大洋洲,AUBNE,TWKHH
242,未知,2025/05,大洋洲,AUMEL,TWKHH
260,未知,2025/05,亞洲,CNDLC,TWKHH
1918,未知,2025/05,亞洲,CNFOC,TWKHH
101,未知,2025/05,亞洲,CNGCT,TWKHH
20,未知,2025/05,亞洲,CNHMP,TWKHH
90,未知,2025/05,亞洲,CNHSK,TWKHH
442,未知,2025/05,亞洲,CNJIA,TWKHH
219,未知,2025/05,亞洲,CNJYN,TWKHH
270,未知,2025/05,亞洲,CNLYG,TWKHH
104,未知,2025/05,亞洲,CNMAW,TWKHH
1087,未知,2025/05,亞洲,CNNGB,TWKHH
92,未知,2025/05,亞洲,CNNSA,TWKHH
500,未知,2025/05,亞洲,CNNSS,TWKHH
288,未知,2025/05,亞洲,CNRZH,TWKHH
1575,未知,2025/05,亞洲,CNSHG,TWKHH
284,未知,2025/05,亞洲,CNSHK,TWKHH
1524,未知,2025/05,亞洲,CNSHK,TWKHH
116,未知,2025/05,亞洲,CNSWA,TWKHH
430,未知,2025/05,亞洲,CNTAC,TWKHH
20,未知,2025/05,亞洲,CNTXG,TWKHH
110,未知,2025/05,亞洲,CNWNZ,TWKHH
4,未知,2025/05,亞洲,CNXGG,TWKHH
106,未知,2025/05,亞洲,CNXHT,TWKHH
4496,未知,2025/05,亞洲,CNXMN,TWKHH
1,未知,2025/05,歐洲,DEHAM,TWKHH
6,未知,2025/05,歐洲,GBSOU,TWKHH
2975,未知,2025/05,亞洲,HKHKG,TWKHH
116,未知,2025/05,亞洲,IDJIA,TWKHH
8,未知,2025/05,亞洲,INNSA,TWKHH
28,未知,2025/05,亞洲,JPHKT,TWKHH
26,未知,2025/05,亞洲,JPMOJ,TWKHH
10,未知,2025/05,亞洲,JPMYJ,TWKHH
18,未知,2025/05,亞洲,JPNGO,TWKHH
18,未知,2025/05,亞洲,JPOIT,TWKHH
2,未知,2025/05,亞洲,JPOSA,TWKHH
22,未知,2025/05,亞洲,JPTKY,TWKHH
25,未知,2025/05,亞洲,JPUKB,TWKHH
6,未知,2025/05,亞洲,JPYAT,TWKHH
4,未知,2025/05,亞洲,JPYKK,TWKHH
29,未知,2025/05,亞洲,JPYOK,TWKHH
284,未知,2025/05,亞洲,KRBNP,TWKHH
192,未知,2025/05,亞洲,KRINC,TWKHH
4,未知,2025/05,亞洲,KRKAN,TWKHH
382,未知,2025/05,亞洲,KRPUS,TWKHH
14,未知,2025/05,亞洲,KRUSN,TWKHH
1,未知,2025/05,亞洲,MYPKG,TWKHH
154,未知,2025/05,大洋洲,NZLYT,TWKHH
130,未知,2025/05,大洋洲,NZNPE,TWKHH
4,未知,2025/05,大洋洲,NZTRG,TWKHH
55,未知,2025/05,大洋洲,NZWLG,TWKHH
300,未知,2025/05,亞洲,PHDVO,TWKHH
164,未知,2025/05,亞洲,PHGTC,TWKHH
3,未知,2025/05,亞洲,PHMNN,TWKHH
221,未知,2025/05,亞洲,SGSIN,TWKHH
21,未知,2025/05,亞洲,THLCH,TWKHH
4,未知,2025/05,北美洲,USHOU,TWKHH
600,未知,2025/05,北美洲,USLAX,TWKHH
400,未知,2025/05,北美洲,USLGB,TWKHH
14,未知,2025/05,北美洲,USORF,TWKHH
1244,未知,2025/05,亞洲,VNCLI,TWKHH
206,未知,2025/05,亞洲,VNCLP,TWKHH
64,未知,2025/05,亞洲,VNDAD,TWKHH
222,未知,2025/05,亞洲,VNHCM,TWKHH
106,未知,2025/05,亞洲,VNHPH,TWKHH
994,未知,2025/05,亞洲,VNVUT,TWKHH
280,未知,2025/05,亞洲,CNWNZ,TWKEL
14,未知,2025/05,亞洲,JPOIT,TWKEL
2,未知,2025/05,亞洲,JPYAT,TWKEL
36,未知,2025/05,南美洲,CLVAL,TWKHH
921,未知,2025/05,亞洲,CNDLI,TWKHH
1909,未知,2025/05,亞洲,CNFZU,TWKHH
30,未知,2025/05,亞洲,CNLYG,TWKHH
179,未知,2025/05,亞洲,CNNBO,TWKHH
35,未知,2025/05,亞洲,CNQND,TWKHH
856,未知,2025/05,亞洲,CNRZH,TWKHH
176,未知,2025/05,亞洲,CNSHG,TWKHH
322,未知,2025/05,亞洲,CNXGA,TWKHH
2795,未知,2025/05,亞洲,CNXHK,TWKHH
2317,未知,2025/05,亞洲,CNXSM,TWKHH
500,未知,2025/05,亞洲,CNXTH,TWKHH
932,未知,2025/05,亞洲,CNYJG,TWKHH
2970,未知,2025/05,亞洲,HKHKG,TWKHH
681,未知,2025/05,亞洲,IDDKT,TWKHH
7,未知,2025/05,亞洲,IDSUB,TWKHH
11,未知,2025/05,亞洲,JPHKT,TWKHH
8,未知,2025/05,亞洲,JPKBE,TWKHH
12,未知,2025/05,亞洲,JPMJI,TWKHH
23,未知,2025/05,亞洲,JPNGY,TWKHH
4,未知,2025/05,亞洲,JPYKH,TWKHH
1392,未知,2025/05,亞洲,KRICH,TWKHH
14,未知,2025/05,亞洲,KRKPQ,TWKHH
597,未知,2025/05,亞洲,KRPUS,TWKHH
300,未知,2025/05,北美洲,MXMZO,TWKHH
702,未知,2025/05,亞洲,SGSGP,TWKHH
100,未知,2025/05,亞洲,THLCH,TWKHH
4,未知,2025/05,北美洲,USLAX,TWKHH
8,未知,2025/05,北美洲,USNYC,TWKHH
8,未知,2025/05,北美洲,USTCM,TWKHH
100,未知,2025/05,亞洲,VNDNG,TWKHH
580,未知,2025/05,亞洲,VNHCM,TWKHH
34,未知,2025/05,亞洲,VNHPG,TWKHH
40,未知,2025/05,亞洲,CNSHG,TWTXG
80,未知,2025/05,亞洲,CNWNZ,TWTXG
6,未知,2025/05,亞洲,JPMYJ,TWTXG
20,未知,2025/05,亞洲,JPSBS,TWTXG
42,未知,2025/05,亞洲,CNJGY,TWTXG
369,未知,2025/05,亞洲,CNNGB,TWTXG
271,未知,2025/05,亞洲,CNSHG,TWTXG
101,未知,2025/05,亞洲,CNTSN,TWTXG
50,未知,2025/05,亞洲,CNXMN,TWTXG
93,未知,2025/05,亞洲,CNNBO,TWTPE
1549,未知,2025/05,亞洲,CNNGB,TWTPE
650,未知,2025/05,亞洲,CNNSS,TWTPE
1053,未知,2025/05,亞洲,CNSHG,TWTPE
3061,未知,2025/05,亞洲,CNSHK,TWTPE
554,未知,2025/05,亞洲,CNXMN,TWTPE
60,未知,2025/05,亞洲,CNXSM,TWTPE
212,未知,2025/05,亞洲,HKHKG,TWTPE
18,未知,2025/05,亞洲,JPHKT,TWTPE
67,未知,2025/05,亞洲,JPMOJ,TWTPE
25,未知,2025/05,亞洲,JPNGO,TWTPE
2,未知,2025/05,亞洲,JPOSA,TWTPE
134,未知,2025/05,亞洲,JPTKY,TWTPE
6,未知,2025/05,亞洲,JPTYO,TWTPE
14,未知,2025/05,亞洲,JPUKB,TWTPE
17,未知,2025/05,亞洲,JPYOK,TWTPE
10,未知,2025/05,亞洲,KRICH,TWTPE
20,未知,2025/05,亞洲,KRINC,TWTPE
812,未知,2025/05,亞洲,KRPUS,TWTPE
55,未知,2025/05,亞洲,KRUSN,TWTPE
2,未知,2025/05,亞洲,MYPKG,TWTPE
28,未知,2025/05,亞洲,VNCLI,TWTPE
32,未知,2025/05,亞洲,VNHPH,TWTPE
340,未知,2025/05,亞洲,VNTCT,TWTPE
24,未知,2025/05,亞洲,CNDLC,TWTXG
156,未知,2025/05,亞洲,CNGCT,TWTXG
204,未知,2025/05,亞洲,CNHMP,TWTXG
26,未知,2025/05,亞洲,CNHSK,TWTXG
10,未知,2025/05,亞洲,CNJGY,TWTXG
46,未知,2025/05,亞洲,CNLYG,TWTXG
10,未知,2025/05,亞洲,CNNBO,TWTXG
1591,未知,2025/05,亞洲,CNNGB,TWTXG
526,未知,2025/05,亞洲,CNNSA,TWTXG
246,未知,2025/05,亞洲,CNRZH,TWTXG
2112,未知,2025/05,亞洲,CNSHG,TWTXG
40,未知,2025/05,亞洲,CNSHG,TWTXG
440,未知,2025/05,亞洲,CNSHK,TWTXG
12,未知,2025/05,亞洲,CNSHK,TWTXG
158,未知,2025/05,亞洲,CNTAC,TWTXG
2,未知,2025/05,亞洲,CNTAO,TWTXG
80,未知,2025/05,亞洲,CNTSN,TWTXG
103,未知,2025/05,亞洲,CNTXG,TWTXG
40,未知,2025/05,亞洲,CNVZJ,TWTXG
300,未知,2025/05,亞洲,CNWNZ,TWTXG
3,未知,2025/05,亞洲,CNXGG,TWTXG
638,未知,2025/05,亞洲,CNXIA,TWTXG
196,未知,2025/05,亞洲,CNXMN,TWTXG
1684,未知,2025/05,亞洲,HKHKG,TWTXG
1,未知,2025/05,亞洲,INNSA,TWTXG
16,未知,2025/05,亞洲,JPKSM,TWTXG
12,未知,2025/05,亞洲,JPMOJ,TWTXG
18,未知,2025/05,亞洲,JPNGO,TWTXG
40,未知,2025/05,亞洲,JPOIT,TWTXG
20,未知,2025/05,亞洲,JPOSA,TWTXG
40,未知,2025/05,亞洲,JPSBS,TWTXG
4,未知,2025/05,亞洲,JPSMZ,TWTXG
122,未知,2025/05,亞洲,JPTYO,TWTXG
1,未知,2025/05,亞洲,JPUKB,TWTXG
40,未知,2025/05,亞洲,JPYKK,TWTXG
6,未知,2025/05,亞洲,JPYOK,TWTXG
15,未知,2025/05,亞洲,KRKAN,TWTXG
20,未知,2025/05,亞洲,KRKWY,TWTXG
120,未知,2025/05,亞洲,KRPUS,TWTXG
14,未知,2025/05,亞洲,KRUSN,TWTXG
1,未知,2025/05,亞洲,PHMNN,TWTXG
20,未知,2025/05,亞洲,THBKK,TWTXG
14,未知,2025/05,亞洲,VNCLP,TWTXG
90,未知,2025/06,亞洲,CNSHG,TWKHH
296,未知,2025/06,亞洲,HKHKG,TWKHH
50,未知,2025/06,南美洲,CLVAP,TWKEL
400,未知,2025/06,亞洲,CNDLC,TWKEL
46,未知,2025/06,亞洲,CNGCT,TWKEL
36,未知,2025/06,亞洲,CNHMP,TWKEL
19,未知,2025/06,亞洲,CNHSK,TWKEL
154,未知,2025/06,亞洲,CNJGY,TWKEL
100,未知,2025/06,亞洲,CNKHH,TWKEL
95,未知,2025/06,亞洲,CNNBO,TWKEL
3480,未知,2025/06,亞洲,CNNGB,TWKEL
1538,未知,2025/06,亞洲,CNNSA,TWKEL
294,未知,2025/06,亞洲,CNNSS,TWKEL
385,未知,2025/06,亞洲,CNRZH,TWKEL
2289,未知,2025/06,亞洲,CNSHG,TWKEL
174,未知,2025/06,亞洲,CNSHG,TWKEL
1588,未知,2025/06,亞洲,CNSHK,TWKEL
1774,未知,2025/06,亞洲,CNSHK,TWKEL
1406,未知,2025/06,亞洲,CNSWA,TWKEL
1962,未知,2025/06,亞洲,CNTAC,TWKEL
1617,未知,2025/06,亞洲,CNTCA,TWKEL
800,未知,2025/06,亞洲,CNWNZ,TWKEL
263,未知,2025/06,亞洲,CNXGG,TWKEL
110,未知,2025/06,亞洲,CNXIA,TWKEL
802,未知,2025/06,亞洲,CNXMN,TWKEL
8938,未知,2025/06,亞洲,HKHKG,TWKEL
178,未知,2025/06,亞洲,JPNGO,TWKEL
3,未知,2025/06,亞洲,JPUKB,TWKEL
218,未知,2025/06,亞洲,KRPUS,TWKEL
30,未知,2025/06,大洋洲,NZNPE,TWKEL
686,未知,2025/06,大洋洲,NZTRG,TWKEL
2,未知,2025/06,亞洲,VNCLI,TWKEL
282,未知,2025/06,亞洲,VNCLP,TWKEL
622,未知,2025/06,亞洲,VNHPH,TWKEL
126,未知,2025/06,亞洲,VNSGN,TWKEL
32,未知,2025/06,大洋洲,AUBNE,TWKHH
48,未知,2025/06,大洋洲,AUMEL,TWKHH
235,未知,2025/06,亞洲,CNDLC,TWKHH
2821,未知,2025/06,亞洲,CNFOC,TWKHH
20,未知,2025/06,亞洲,CNFUG,TWKHH
36,未知,2025/06,亞洲,CNGCT,TWKHH
60,未知,2025/06,亞洲,CNHMN,TWKHH
104,未知,2025/06,亞洲,CNHSK,TWKHH
799,未知,2025/06,亞洲,CNJIA,TWKHH
152,未知,2025/06,亞洲,CNJYN,TWKHH
748,未知,2025/06,亞洲,CNLYG,TWKHH
25,未知,2025/06,亞洲,CNMAW,TWKHH
1104,未知,2025/06,亞洲,CNNGB,TWKHH
222,未知,2025/06,亞洲,CNNSA,TWKHH
1876,未知,2025/06,亞洲,CNRZH,TWKHH
2456,未知,2025/06,亞洲,CNSHG,TWKHH
586,未知,2025/06,亞洲,CNSHK,TWKHH
1834,未知,2025/06,亞洲,CNSHK,TWKHH
52,未知,2025/06,亞洲,CNSWA,TWKHH
515,未知,2025/06,亞洲,CNTAC,TWKHH
261,未知,2025/06,亞洲,CNTCA,TWKHH
86,未知,2025/06,亞洲,CNTXG,TWKHH
10,未知,2025/06,亞洲,CNXIA,TWKHH
4280,未知,2025/06,亞洲,CNXMN,TWKHH
1022,未知,2025/06,亞洲,CNYJG,TWKHH
5810,未知,2025/06,亞洲,HKHKG,TWKHH
1,未知,2025/06,亞洲,HKHKM,TWKHH
3,未知,2025/06,亞洲,INNSA,TWKHH
6,未知,2025/06,亞洲,JPHIJ,TWKHH
4,未知,2025/06,亞洲,JPHKT,TWKHH
12,未知,2025/06,亞洲,JPMOJ,TWKHH
18,未知,2025/06,亞洲,JPMYJ,TWKHH
24,未知,2025/06,亞洲,JPNGO,TWKHH
3,未知,2025/06,亞洲,JPOIT,TWKHH
4,未知,2025/06,亞洲,JPSBS,TWKHH
32,未知,2025/06,亞洲,JPTKY,TWKHH
2,未知,2025/06,亞洲,JPTYO,TWKHH
4,未知,2025/06,亞洲,JPUKB,TWKHH
4,未知,2025/06,亞洲,JPYAT,TWKHH
6,未知,2025/06,亞洲,JPYOK,TWKHH
100,未知,2025/06,亞洲,KRINC,TWKHH
4,未知,2025/06,亞洲,KRKAN,TWKHH
12,未知,2025/06,亞洲,KRKWY,TWKHH
259,未知,2025/06,亞洲,KRPUS,TWKHH
8,未知,2025/06,亞洲,KRUSN,TWKHH
264,未知,2025/06,亞洲,MYPKG,TWKHH
305,未知,2025/06,亞洲,MYTPP,TWKHH
80,未知,2025/06,大洋洲,NZLYT,TWKHH
354,未知,2025/06,大洋洲,NZNPE,TWKHH
88,未知,2025/06,大洋洲,NZTRG,TWKHH
50,未知,2025/06,亞洲,PHDVO,TWKHH
221,未知,2025/06,亞洲,SGSIN,TWKHH
6,未知,2025/06,亞洲,THBKK,TWKHH
2,未知,2025/06,亞洲,THLCH,TWKHH
32,未知,2025/06,北美洲,USORF,TWKHH
1367,未知,2025/06,亞洲,VNCLI,TWKHH
400,未知,2025/06,亞洲,VNCLP,TWKHH
106,未知,2025/06,亞洲,VNDAD,TWKHH
200,未知,2025/06,亞洲,VNHCM,TWKHH
147,未知,2025/06,亞洲,VNHPH,TWKHH
90,未知,2025/06,亞洲,VNSGN,TWKHH
2831,未知,2025/06,亞洲,VNVUT,TWKHH
140,未知,2025/06,亞洲,CNJGY,TWKEL
212,未知,2025/06,亞洲,CNXMN,TWKEL
2,未知,2025/06,亞洲,JPMYJ,TWKEL
48,未知,2025/06,亞洲,JPOIT,TWKEL
4,未知,2025/06,亞洲,JPYAT,TWKEL
740,未知,2025/06,亞洲,CNDLI,TWKHH
2968,未知,2025/06,亞洲,CNFZU,TWKHH
166,未知,2025/06,亞洲,CNNBO,TWKHH
568,未知,2025/06,亞洲,CNQND,TWKHH
217,未知,2025/06,亞洲,CNRZH,TWKHH
10,未知,2025/06,亞洲,CNSHG,TWKHH
15,未知,2025/06,亞洲,CNSHG,TWKHH
697,未知,2025/06,亞洲,CNXGA,TWKHH
2650,未知,2025/06,亞洲,CNXHK,TWKHH
2400,未知,2025/06,亞洲,CNXSM,TWKHH
3382,未知,2025/06,亞洲,CNXTH,TWKHH
160,未知,2025/06,亞洲,CNYJG,TWKHH
4,未知,2025/06,亞洲,CNYYT,TWKHH
4790,未知,2025/06,亞洲,HKHKG,TWKHH
144,未知,2025/06,亞洲,IDDKT,TWKHH
10,未知,2025/06,亞洲,IDSUB,TWKHH
100,未知,2025/06,亞洲,INMUN,TWKHH
2,未知,2025/06,亞洲,JPKBE,TWKHH
10,未知,2025/06,亞洲,JPNGY,TWKHH
1,未知,2025/06,亞洲,JPYKH,TWKHH
1432,未知,2025/06,亞洲,KRICH,TWKHH
123,未知,2025/06,亞洲,KRKPQ,TWKHH
1633,未知,2025/06,亞洲,KRPUS,TWKHH
100,未知,2025/06,北美洲,MXMZO,TWKHH
2,未知,2025/06,亞洲,MYPEN,TWKHH
10,未知,2025/06,亞洲,SGSGP,TWKHH
420,未知,2025/06,北美洲,USTCM,TWKHH
315,未知,2025/06,亞洲,VNHCM,TWKHH
45,未知,2025/06,亞洲,VNHPG,TWKHH
34,未知,2025/06,亞洲,CNDLC,TWTXG
35,未知,2025/06,亞洲,CNJGY,TWTXG
330,未知,2025/06,亞洲,CNNGB,TWTXG
2,未知,2025/06,亞洲,CNRZH,TWTXG
256,未知,2025/06,亞洲,CNSHG,TWTXG
124,未知,2025/06,亞洲,CNTSN,TWTXG
188,未知,2025/06,亞洲,CNXMN,TWTXG
73,未知,2025/06,亞洲,CNNBO,TWTPE
940,未知,2025/06,亞洲,CNNGB,TWTPE
1050,未知,2025/06,亞洲,CNNSS,TWTPE
921,未知,2025/06,亞洲,CNSHG,TWTPE
1783,未知,2025/06,亞洲,CNSHK,TWTPE
814,未知,2025/06,亞洲,CNXMN,TWTPE
185,未知,2025/06,亞洲,HKHKG,TWTPE
62,未知,2025/06,亞洲,JPHKT,TWTPE
59,未知,2025/06,亞洲,JPMOJ,TWTPE
15,未知,2025/06,亞洲,JPNGO,TWTPE
2,未知,2025/06,亞洲,JPSMZ,TWTPE
14,未知,2025/06,亞洲,JPTKY,TWTPE
3,未知,2025/06,亞洲,JPTYO,TWTPE
7,未知,2025/06,亞洲,JPYKK,TWTPE
132,未知,2025/06,亞洲,JPYOK,TWTPE
14,未知,2025/06,亞洲,KRICH,TWTPE
68,未知,2025/06,亞洲,KRINC,TWTPE
217,未知,2025/06,亞洲,KRKAN,TWTPE
213,未知,2025/06,亞洲,KRPUS,TWTPE
17,未知,2025/06,亞洲,KRUSN,TWTPE
9,未知,2025/06,亞洲,MYPKG,TWTPE
1,未知,2025/06,亞洲,SGSIN,TWTPE
400,未知,2025/06,亞洲,THLCH,TWTPE
288,未知,2025/06,亞洲,VNCLI,TWTPE
578,未知,2025/06,亞洲,VNHPH,TWTPE
4,未知,2025/06,亞洲,CNDLC,TWTXG
104,未知,2025/06,亞洲,CNGCT,TWTXG
228,未知,2025/06,亞洲,CNHMP,TWTXG
14,未知,2025/06,亞洲,CNHSK,TWTXG
107,未知,2025/06,亞洲,CNJGY,TWTXG
50,未知,2025/06,亞洲,CNLYG,TWTXG
426,未知,2025/06,亞洲,CNNBO,TWTXG
1053,未知,2025/06,亞洲,CNNGB,TWTXG
52,未知,2025/06,亞洲,CNNSA,TWTXG
263,未知,2025/06,亞洲,CNRZH,TWTXG
935,未知,2025/06,亞洲,CNSHG,TWTXG
155,未知,2025/06,亞洲,CNSHG,TWTXG
513,未知,2025/06,亞洲,CNSHK,TWTXG
80,未知,2025/06,亞洲,CNSWA,TWTXG
410,未知,2025/06,亞洲,CNTAC,TWTXG
56,未知,2025/06,亞洲,CNTSN,TWTXG
79,未知,2025/06,亞洲,CNTXG,TWTXG
260,未知,2025/06,亞洲,CNWNZ,TWTXG
584,未知,2025/06,亞洲,CNXIA,TWTXG
42,未知,2025/06,亞洲,CNXMN,TWTXG
224,未知,2025/06,歐洲,GBSUA,TWTXG
526,未知,2025/06,亞洲,HKHKG,TWTXG
4,未知,2025/06,亞洲,JPHKT,TWTXG
10,未知,2025/06,亞洲,JPKSM,TWTXG
18,未知,2025/06,亞洲,JPMOJ,TWTXG
14,未知,2025/06,亞洲,JPMYJ,TWTXG
60,未知,2025/06,亞洲,JPNAH,TWTXG
9,未知,2025/06,亞洲,JPNGO,TWTXG
19,未知,2025/06,亞洲,JPOSA,TWTXG
20,未知,2025/06,亞洲,JPSBS,TWTXG
85,未知,2025/06,亞洲,JPTYO,TWTXG
1,未知,2025/06,亞洲,JPUKB,TWTXG
18,未知,2025/06,亞洲,JPYKK,TWTXG
18,未知,2025/06,亞洲,JPYOK,TWTXG
10,未知,2025/06,亞洲,KRKAN,TWTXG
30,未知,2025/06,亞洲,KRKWY,TWTXG
32,未知,2025/06,亞洲,KRPUS,TWTXG
13,未知,2025/06,亞洲,KRUSN,TWTXG
1,未知,2025/06,亞洲,SGSIN,TWTXG
4,未知,2025/06,亞洲,THLCH,TWTXG
30,未知,2025/06,亞洲,VNCLP,TWTXG
18,未知,2025/07,亞洲,PHMNN,TWKAA
604,未知,2025/07,亞洲,CNDLC,TWKEL
126,未知,2025/07,亞洲,CNGCT,TWKEL
180,未知,2025/07,亞洲,CNHMN,TWKEL
68,未知,2025/07,亞洲,CNHMP,TWKEL
479,未知,2025/07,亞洲,CNHSK,TWKEL
100,未知,2025/07,亞洲,CNJGY,TWKEL
50,未知,2025/07,亞洲,CNKHH,TWKEL
44,未知,2025/07,亞洲,CNLYG,TWKEL
235,未知,2025/07,亞洲,CNNBO,TWKEL
2392,未知,2025/07,亞洲,CNNGB,TWKEL
1324,未知,2025/07,亞洲,CNNSA,TWKEL
400,未知,2025/07,亞洲,CNNSS,TWKEL
227,未知,2025/07,亞洲,CNRZH,TWKEL
2314,未知,2025/07,亞洲,CNSHG,TWKEL
4,未知,2025/07,亞洲,CNSHG,TWKEL
1810,未知,2025/07,亞洲,CNSHK,TWKEL
4321,未知,2025/07,亞洲,CNSHK,TWKEL
800,未知,2025/07,亞洲,CNSWA,TWKEL
1820,未知,2025/07,亞洲,CNTAC,TWKEL
941,未知,2025/07,亞洲,CNTCA,TWKEL
2,未知,2025/07,亞洲,CNTSN,TWKEL
158,未知,2025/07,亞洲,CNTXG,TWKEL
466,未知,2025/07,亞洲,CNWNZ,TWKEL
349,未知,2025/07,亞洲,CNXMN,TWKEL
9688,未知,2025/07,亞洲,HKHKG,TWKEL
1,未知,2025/07,亞洲,IDBLW,TWKEL
28,未知,2025/07,亞洲,JPMYJ,TWKEL
5,未知,2025/07,亞洲,JPOIT,TWKEL
3,未知,2025/07,亞洲,JPYAT,TWKEL
200,未知,2025/07,大洋洲,NZNPE,TWKEL
940,未知,2025/07,大洋洲,NZTRG,TWKEL
43,未知,2025/07,未知,VMHPH,TWKEL
64,未知,2025/07,亞洲,VNCLI,TWKEL
54,未知,2025/07,亞洲,VNCLP,TWKEL
10,未知,2025/07,亞洲,VNHCM,TWKEL
150,未知,2025/07,大洋洲,AUBNE,TWKHH
320,未知,2025/07,大洋洲,AUMEL,TWKHH
12,未知,2025/07,北美洲,CAHAL,TWKHH
189,未知,2025/07,亞洲,CNDLC,TWKHH
2585,未知,2025/07,亞洲,CNFOC,TWKHH
9,未知,2025/07,亞洲,CNGCT,TWKHH
19,未知,2025/07,亞洲,CNHMN,TWKHH
104,未知,2025/07,亞洲,CNHMP,TWKHH
154,未知,2025/07,亞洲,CNHSK,TWKHH
2,未知,2025/07,亞洲,CNHUA,TWKHH
178,未知,2025/07,亞洲,CNJIA,TWKHH
121,未知,2025/07,亞洲,CNJYN,TWKHH
442,未知,2025/07,亞洲,CNLYG,TWKHH
23,未知,2025/07,亞洲,CNMAW,TWKHH
1199,未知,2025/07,亞洲,CNNGB,TWKHH
52,未知,2025/07,亞洲,CNNSA,TWKHH
150,未知,2025/07,亞洲,CNNSS,TWKHH
1975,未知,2025/07,亞洲,CNRZH,TWKHH
1815,未知,2025/07,亞洲,CNSHG,TWKHH
329,未知,2025/07,亞洲,CNSHK,TWKHH
1062,未知,2025/07,亞洲,CNSHK,TWKHH
182,未知,2025/07,亞洲,CNSWA,TWKHH
200,未知,2025/07,亞洲,CNTAC,TWKHH
60,未知,2025/07,亞洲,CNTAO,TWKHH
120,未知,2025/07,亞洲,CNTCA,TWKHH
110,未知,2025/07,亞洲,CNTXG,TWKHH
27,未知,2025/07,亞洲,CNXGA,TWKHH
3525,未知,2025/07,亞洲,CNXMN,TWKHH
1271,未知,2025/07,亞洲,CNYJG,TWKHH
260,未知,2025/07,南美洲,ECGYE,TWKHH
6021,未知,2025/07,亞洲,HKHKG,TWKHH
9,未知,2025/07,亞洲,HKHKM,TWKHH
8,未知,2025/07,亞洲,JPHKT,TWKHH
2,未知,2025/07,亞洲,JPMIZ,TWKHH
96,未知,2025/07,亞洲,JPMOJ,TWKHH
1,未知,2025/07,亞洲,JPMYJ,TWKHH
19,未知,2025/07,亞洲,JPNGO,TWKHH
4,未知,2025/07,亞洲,JPOIT,TWKHH
3,未知,2025/07,亞洲,JPOSA,TWKHH
58,未知,2025/07,亞洲,JPTKY,TWKHH
13,未知,2025/07,亞洲,JPUKB,TWKHH
2,未知,2025/07,亞洲,JPYAT,TWKHH
54,未知,2025/07,亞洲,JPYOK,TWKHH
49,未知,2025/07,亞洲,KRBNP,TWKHH
680,未知,2025/07,亞洲,KRINC,TWKHH
2,未知,2025/07,亞洲,KRKAN,TWKHH
22,未知,2025/07,亞洲,KRKWY,TWKHH
1444,未知,2025/07,亞洲,KRPUS,TWKHH
4,未知,2025/07,亞洲,KRUSN,TWKHH
160,未知,2025/07,亞洲,MYPKG,TWKHH
472,未知,2025/07,亞洲,MYTPP,TWKHH
4,未知,2025/07,歐洲,NLRTM,TWKHH
160,未知,2025/07,大洋洲,NZLYT,TWKHH
160,未知,2025/07,大洋洲,NZNPE,TWKHH
402,未知,2025/07,大洋洲,NZTRG,TWKHH
76,未知,2025/07,大洋洲,NZWLG,TWKHH
120,未知,2025/07,南美洲,PECLL,TWKHH
242,未知,2025/07,亞洲,PHDVO,TWKHH
120,未知,2025/07,亞洲,PHGTC,TWKHH
122,未知,2025/07,亞洲,SGSIN,TWKHH
362,未知,2025/07,亞洲,THLCH,TWKHH
1042,未知,2025/07,亞洲,VNCLI,TWKHH
280,未知,2025/07,亞洲,VNCLP,TWKHH
111,未知,2025/07,亞洲,VNDAD,TWKHH
217,未知,2025/07,亞洲,VNHPH,TWKHH
14,未知,2025/07,亞洲,VNSGN,TWKHH
2535,未知,2025/07,亞洲,VNVUT,TWKHH
24,未知,2025/07,南美洲,CLVAL,TWKHH
560,未知,2025/07,亞洲,CNDLI,TWKHH
10,未知,2025/07,亞洲,CNFQJ,TWKHH
1187,未知,2025/07,亞洲,CNFZU,TWKHH
96,未知,2025/07,亞洲,CNJYN,TWKHH
860,未知,2025/07,亞洲,CNNBO,TWKHH
500,未知,2025/07,亞洲,CNQND,TWKHH
173,未知,2025/07,亞洲,CNSHG,TWKHH
140,未知,2025/07,亞洲,CNSHG,TWKHH
986,未知,2025/07,亞洲,CNXGA,TWKHH
2526,未知,2025/07,亞洲,CNXHK,TWKHH
1459,未知,2025/07,亞洲,CNXSM,TWKHH
3134,未知,2025/07,亞洲,CNXTH,TWKHH
50,未知,2025/07,亞洲,CNYJG,TWKHH
5029,未知,2025/07,亞洲,HKHKG,TWKHH
74,未知,2025/07,亞洲,IDDKT,TWKHH
11,未知,2025/07,亞洲,IDSUB,TWKHH
24,未知,2025/07,亞洲,JPKBE,TWKHH
1940,未知,2025/07,亞洲,KRICH,TWKHH
78,未知,2025/07,亞洲,KRKPQ,TWKHH
1210,未知,2025/07,亞洲,KRPUS,TWKHH
6,未知,2025/07,亞洲,MYPEN,TWKHH
400,未知,2025/07,南美洲,PECAL,TWKHH
6,未知,2025/07,亞洲,SGSGP,TWKHH
2,未知,2025/07,亞洲,THLCH,TWKHH
10,未知,2025/07,北美洲,USNFK,TWKHH
312,未知,2025/07,北美洲,USTCM,TWKHH
30,未知,2025/07,亞洲,VNDNG,TWKHH
154,未知,2025/07,亞洲,VNHCM,TWKHH
80,未知,2025/07,亞洲,VNHPG,TWKHH
276,未知,2025/07,亞洲,CNXIA,TWTXG
12,未知,2025/07,亞洲,CNDLC,TWTXG
214,未知,2025/07,亞洲,CNNGB,TWTXG
72,未知,2025/07,亞洲,CNSHG,TWTXG
77,未知,2025/07,亞洲,CNTSN,TWTXG
30,未知,2025/07,亞洲,CNXMN,TWTXG
146,未知,2025/07,亞洲,CNNBO,TWTPE
1347,未知,2025/07,亞洲,CNNGB,TWTPE
1200,未知,2025/07,亞洲,CNNSS,TWTPE
1196,未知,2025/07,亞洲,CNSHG,TWTPE
1839,未知,2025/07,亞洲,CNSHK,TWTPE
562,未知,2025/07,亞洲,CNXMN,TWTPE
132,未知,2025/07,亞洲,CNXSM,TWTPE
208,未知,2025/07,亞洲,HKHKG,TWTPE
99,未知,2025/07,亞洲,JPHKT,TWTPE
52,未知,2025/07,亞洲,JPMOJ,TWTPE
12,未知,2025/07,亞洲,JPNGO,TWTPE
8,未知,2025/07,亞洲,JPOSA,TWTPE
68,未知,2025/07,亞洲,JPTKY,TWTPE
5,未知,2025/07,亞洲,JPTYO,TWTPE
35,未知,2025/07,亞洲,JPUKB,TWTPE
2,未知,2025/07,亞洲,JPYKK,TWTPE
39,未知,2025/07,亞洲,JPYOK,TWTPE
273,未知,2025/07,亞洲,KRINC,TWTPE
20,未知,2025/07,亞洲,KRKAN,TWTPE
658,未知,2025/07,亞洲,KRPUS,TWTPE
9,未知,2025/07,亞洲,KRUSN,TWTPE
4,未知,2025/07,亞洲,SGSIN,TWTPE
202,未知,2025/07,亞洲,VNCLI,TWTPE
10,未知,2025/07,亞洲,VNSGN,TWTPE
328,未知,2025/07,亞洲,VNTCT,TWTPE
100,未知,2025/07,亞洲,VNVUT,TWTPE
72,未知,2025/07,亞洲,CNDLC,TWTXG
560,未知,2025/07,亞洲,CNGCT,TWTXG
4,未知,2025/07,亞洲,CNHMN,TWTXG
174,未知,2025/07,亞洲,CNHMP,TWTXG
32,未知,2025/07,亞洲,CNHSK,TWTXG
80,未知,2025/07,亞洲,CNJGY,TWTXG
38,未知,2025/07,亞洲,CNLYG,TWTXG
1137,未知,2025/07,亞洲,CNNGB,TWTXG
8,未知,2025/07,亞洲,CNNSA,TWTXG
34,未知,2025/07,亞洲,CNRZH,TWTXG
764,未知,2025/07,亞洲,CNSHG,TWTXG
94,未知,2025/07,亞洲,CNSHK,TWTXG
100,未知,2025/07,亞洲,CNSWA,TWTXG
500,未知,2025/07,亞洲,CNTAC,TWTXG
2,未知,2025/07,亞洲,CNTAO,TWTXG
129,未知,2025/07,亞洲,CNTXG,TWTXG
424,未知,2025/07,亞洲,CNWNZ,TWTXG
368,未知,2025/07,亞洲,CNXIA,TWTXG
274,未知,2025/07,亞洲,CNXMN,TWTXG
574,未知,2025/07,亞洲,HKHKG,TWTXG
12,未知,2025/07,亞洲,JPMOJ,TWTXG
8,未知,2025/07,亞洲,JPMYJ,TWTXG
9,未知,2025/07,亞洲,JPNGO,TWTXG
50,未知,2025/07,亞洲,JPOIT,TWTXG
10,未知,2025/07,亞洲,JPOSA,TWTXG
20,未知,2025/07,亞洲,JPSBS,TWTXG
106,未知,2025/07,亞洲,JPTYO,TWTXG
2,未知,2025/07,亞洲,JPYAT,TWTXG
29,未知,2025/07,亞洲,JPYKK,TWTXG
28,未知,2025/07,亞洲,JPYOK,TWTXG
20,未知,2025/07,亞洲,KRKAN,TWTXG
70,未知,2025/07,亞洲,KRKWY,TWTXG
39,未知,2025/07,亞洲,KRPUS,TWTXG
7,未知,2025/07,亞洲,KRUSN,TWTXG
144,未知,2025/07,亞洲,MYTPP,TWTXG
16,未知,2025/07,亞洲,THLCH,TWTXG
200,未知,2025/08,亞洲,CNRZH,TWKHH
170,未知,2025/08,亞洲,CNSHG,TWKHH
60,未知,2025/08,亞洲,CNXGG,TWKHH
120,未知,2025/08,歐洲,CHSHA,TWKEL
239,未知,2025/08,亞洲,CNDLC,TWKEL
306,未知,2025/08,亞洲,CNGCT,TWKEL
18,未知,2025/08,亞洲,CNHMN,TWKEL
100,未知,2025/08,亞洲,CNHMP,TWKEL
300,未知,2025/08,亞洲,CNJGY,TWKEL
603,未知,2025/08,亞洲,CNNBO,TWKEL
2421,未知,2025/08,亞洲,CNNGB,TWKEL
589,未知,2025/08,亞洲,CNNSA,TWKEL
884,未知,2025/08,亞洲,CNNSS,TWKEL
64,未知,2025/08,亞洲,CNRZH,TWKEL
2667,未知,2025/08,亞洲,CNSHG,TWKEL
328,未知,2025/08,亞洲,CNSHG,TWKEL
1157,未知,2025/08,亞洲,CNSHK,TWKEL
2524,未知,2025/08,亞洲,CNSHK,TWKEL
828,未知,2025/08,亞洲,CNSWA,TWKEL
1204,未知,2025/08,亞洲,CNTAC,TWKEL
1376,未知,2025/08,亞洲,CNTCA,TWKEL
1960,未知,2025/08,亞洲,CNWNZ,TWKEL
1151,未知,2025/08,亞洲,CNXMN,TWKEL
11092,未知,2025/08,亞洲,HKHKG,TWKEL
1,未知,2025/08,亞洲,IDBLW,TWKEL
14,未知,2025/08,亞洲,JPMYJ,TWKEL
70,未知,2025/08,亞洲,JPOIT,TWKEL
430,未知,2025/08,亞洲,KRPUS,TWKEL
24,未知,2025/08,亞洲,MYPKG,TWKEL
8,未知,2025/08,大洋洲,NZAKL,TWKEL
200,未知,2025/08,大洋洲,NZLYT,TWKEL
230,未知,2025/08,大洋洲,NZNPE,TWKEL
526,未知,2025/08,大洋洲,NZTRG,TWKEL
150,未知,2025/08,亞洲,THLCH,TWKEL
56,未知,2025/08,亞洲,VNCLI,TWKEL
160,未知,2025/08,亞洲,VNCLP,TWKEL
286,未知,2025/08,亞洲,VNHPH,TWKEL
70,未知,2025/08,亞洲,VNSGN,TWKEL
248,未知,2025/08,大洋洲,AUBNE,TWKHH
424,未知,2025/08,大洋洲,AUMEL,TWKHH
1511,未知,2025/08,亞洲,CNDLC,TWKHH
180,未知,2025/08,亞洲,CNDLI,TWKHH
1995,未知,2025/08,亞洲,CNFOC,TWKHH
17,未知,2025/08,亞洲,CNGCT,TWKHH
40,未知,2025/08,亞洲,CNHMN,TWKHH
88,未知,2025/08,亞洲,CNHMP,TWKHH
366,未知,2025/08,亞洲,CNHSK,TWKHH
3,未知,2025/08,亞洲,CNHUA,TWKHH
181,未知,2025/08,亞洲,CNJIA,TWKHH
17,未知,2025/08,亞洲,CNJYN,TWKHH
82,未知,2025/08,亞洲,CNLYG,TWKHH
36,未知,2025/08,亞洲,CNMAW,TWKHH
1180,未知,2025/08,亞洲,CNNGB,TWKHH
744,未知,2025/08,亞洲,CNNSA,TWKHH
270,未知,2025/08,亞洲,CNNSS,TWKHH
3,未知,2025/08,亞洲,CNQZH,TWKHH
947,未知,2025/08,亞洲,CNRZH,TWKHH
2346,未知,2025/08,亞洲,CNSHG,TWKHH
588,未知,2025/08,亞洲,CNSHK,TWKHH
1086,未知,2025/08,亞洲,CNSHK,TWKHH
192,未知,2025/08,亞洲,CNSWA,TWKHH
300,未知,2025/08,亞洲,CNTAC,TWKHH
6,未知,2025/08,亞洲,CNTAO,TWKHH
231,未知,2025/08,亞洲,CNTCA,TWKHH
160,未知,2025/08,亞洲,CNTXG,TWKHH
251,未知,2025/08,亞洲,CNXGA,TWKHH
2717,未知,2025/08,亞洲,CNXMN,TWKHH
172,未知,2025/08,亞洲,CNYJG,TWKHH
8232,未知,2025/08,亞洲,HKHKG,TWKHH
2,未知,2025/08,亞洲,IDBLW,TWKHH
2,未知,2025/08,亞洲,JPFKY,TWKHH
37,未知,2025/08,亞洲,JPHKT,TWKHH
68,未知,2025/08,亞洲,JPMOJ,TWKHH
14,未知,2025/08,亞洲,JPMYJ,TWKHH
21,未知,2025/08,亞洲,JPNGO,TWKHH
4,未知,2025/08,亞洲,JPOIT,TWKHH
1,未知,2025/08,亞洲,JPOSA,TWKHH
1,未知,2025/08,亞洲,JPSMZ,TWKHH
93,未知,2025/08,亞洲,JPTKY,TWKHH
7,未知,2025/08,亞洲,JPUKB,TWKHH
16,未知,2025/08,亞洲,JPYKK,TWKHH
60,未知,2025/08,亞洲,JPYOK,TWKHH
308,未知,2025/08,亞洲,KRBNP,TWKHH
1264,未知,2025/08,亞洲,KRINC,TWKHH
26,未知,2025/08,亞洲,KRKWY,TWKHH
616,未知,2025/08,亞洲,KRPUS,TWKHH
10,未知,2025/08,亞洲,KRUSN,TWKHH
14,未知,2025/08,亞洲,MYPKG,TWKHH
62,未知,2025/08,亞洲,MYTPP,TWKHH
4,未知,2025/08,大洋洲,NZAKL,TWKHH
181,未知,2025/08,大洋洲,NZLYT,TWKHH
68,未知,2025/08,大洋洲,NZNPE,TWKHH
236,未知,2025/08,大洋洲,NZTRG,TWKHH
140,未知,2025/08,亞洲,PHGTC,TWKHH
431,未知,2025/08,亞洲,SGSIN,TWKHH
470,未知,2025/08,亞洲,THLCB,TWKHH
384,未知,2025/08,亞洲,THLCH,TWKHH
8,未知,2025/08,北美洲,USHOU,TWKHH
7,未知,2025/08,北美洲,USMKC,TWKHH
2,未知,2025/08,北美洲,USNYC,TWKHH
40,未知,2025/08,北美洲,USSEA,TWKHH
699,未知,2025/08,亞洲,VNCLI,TWKHH
620,未知,2025/08,亞洲,VNCLP,TWKHH
100,未知,2025/08,亞洲,VNDAD,TWKHH
40,未知,2025/08,亞洲,VNHPH,TWKHH
2888,未知,2025/08,亞洲,VNVUT,TWKHH
182,未知,2025/08,亞洲,CNJGY,TWKEL
17,未知,2025/08,亞洲,CNNGB,TWKEL
170,未知,2025/08,亞洲,CNSHG,TWKEL
560,未知,2025/08,亞洲,CNWNZ,TWKEL
10,未知,2025/08,亞洲,JPOIT,TWKEL
270,未知,2025/08,亞洲,CNDLI,TWKHH
2508,未知,2025/08,亞洲,CNFZU,TWKHH
600,未知,2025/08,亞洲,CNNBO,TWKHH
64,未知,2025/08,亞洲,CNQND,TWKHH
876,未知,2025/08,亞洲,CNRZH,TWKHH
2,未知,2025/08,亞洲,CNSHG,TWKHH
54,未知,2025/08,亞洲,CNSHG,TWKHH
1007,未知,2025/08,亞洲,CNXGA,TWKHH
5050,未知,2025/08,亞洲,CNXHK,TWKHH
858,未知,2025/08,亞洲,CNXSM,TWKHH
940,未知,2025/08,亞洲,CNXTH,TWKHH
927,未知,2025/08,亞洲,CNYJG,TWKHH
3818,未知,2025/08,亞洲,HKHKG,TWKHH
36,未知,2025/08,亞洲,IDDKT,TWKHH
164,未知,2025/08,亞洲,IDSUB,TWKHH
14,未知,2025/08,亞洲,JPKBE,TWKHH
12,未知,2025/08,亞洲,JPNGY,TWKHH
1910,未知,2025/08,亞洲,KRICH,TWKHH
69,未知,2025/08,亞洲,KRKPQ,TWKHH
2374,未知,2025/08,亞洲,KRPUS,TWKHH
400,未知,2025/08,北美洲,MXMZO,TWKHH
100,未知,2025/08,南美洲,PECAL,TWKHH
80,未知,2025/08,亞洲,PHGTC,TWKHH
472,未知,2025/08,亞洲,SGSGP,TWKHH
200,未知,2025/08,亞洲,THLCH,TWKHH
14,未知,2025/08,北美洲,USLAX,TWKHH
2,未知,2025/08,北美洲,USNYC,TWKHH
292,未知,2025/08,亞洲,VNDNG,TWKHH
715,未知,2025/08,亞洲,VNHCM,TWKHH
40,未知,2025/08,亞洲,VNHPG,TWKHH
20,未知,2025/08,亞洲,CNSHG,TWTXG
40,未知,2025/08,亞洲,CNWNZ,TWTXG
51,未知,2025/08,亞洲,CNDLC,TWTXG
168,未知,2025/08,亞洲,CNJGY,TWTXG
96,未知,2025/08,亞洲,CNSHG,TWTXG
40,未知,2025/08,亞洲,CNTCA,TWTXG
26,未知,2025/08,亞洲,CNTSN,TWTXG
10,未知,2025/08,亞洲,CNXMN,TWTXG
60,未知,2025/08,亞洲,CNFOC,TWTPE
100,未知,2025/08,亞洲,CNMAW,TWTPE
83,未知,2025/08,亞洲,CNNBO,TWTPE
1237,未知,2025/08,亞洲,CNNGB,TWTPE
1170,未知,2025/08,亞洲,CNNSS,TWTPE
1274,未知,2025/08,亞洲,CNSHG,TWTPE
1850,未知,2025/08,亞洲,CNSHK,TWTPE
160,未知,2025/08,亞洲,CNXHT,TWTPE
174,未知,2025/08,亞洲,CNXMN,TWTPE
84,未知,2025/08,亞洲,HKHKG,TWTPE
100,未知,2025/08,亞洲,JPCHB,TWTPE
67,未知,2025/08,亞洲,JPHKT,TWTPE
27,未知,2025/08,亞洲,JPMOJ,TWTPE
5,未知,2025/08,亞洲,JPNGO,TWTPE
3,未知,2025/08,亞洲,JPSMZ,TWTPE
29,未知,2025/08,亞洲,JPTKY,TWTPE
4,未知,2025/08,亞洲,JPUKB,TWTPE
10,未知,2025/08,亞洲,JPYKK,TWTPE
52,未知,2025/08,亞洲,JPYOK,TWTPE
105,未知,2025/08,亞洲,KRPUS,TWTPE
16,未知,2025/08,亞洲,KRUSN,TWTPE
20,未知,2025/08,亞洲,THLCH,TWTPE
19,未知,2025/08,亞洲,VNCLI,TWTPE
92,未知,2025/08,亞洲,VNDAD,TWTPE
10,未知,2025/08,亞洲,VNSGN,TWTPE
200,未知,2025/08,亞洲,VNTCT,TWTPE
30,未知,2025/08,亞洲,CNDLC,TWTXG
238,未知,2025/08,亞洲,CNGCT,TWTXG
48,未知,2025/08,亞洲,CNHMN,TWTXG
182,未知,2025/08,亞洲,CNHMP,TWTXG
20,未知,2025/08,亞洲,CNHSK,TWTXG
141,未知,2025/08,亞洲,CNJGY,TWTXG
36,未知,2025/08,亞洲,CNLYG,TWTXG
60,未知,2025/08,亞洲,CNNBO,TWTXG
1457,未知,2025/08,亞洲,CNNGB,TWTXG
4,未知,2025/08,亞洲,CNNSA,TWTXG
160,未知,2025/08,亞洲,CNRZH,TWTXG
2012,未知,2025/08,亞洲,CNSHG,TWTXG
80,未知,2025/08,亞洲,CNSHG,TWTXG
96,未知,2025/08,亞洲,CNSHK,TWTXG
2,未知,2025/08,亞洲,CNSWA,TWTXG
470,未知,2025/08,亞洲,CNTAC,TWTXG
20,未知,2025/08,亞洲,CNTSN,TWTXG
110,未知,2025/08,亞洲,CNTXG,TWTXG
140,未知,2025/08,亞洲,CNWNZ,TWTXG
635,未知,2025/08,亞洲,CNXIA,TWTXG
840,未知,2025/08,亞洲,CNXMN,TWTXG
120,未知,2025/08,亞洲,HKHKG,TWTXG
8,未知,2025/08,亞洲,JPKSM,TWTXG
16,未知,2025/08,亞洲,JPMOJ,TWTXG
12,未知,2025/08,亞洲,JPMYJ,TWTXG
6,未知,2025/08,亞洲,JPNGO,TWTXG
56,未知,2025/08,亞洲,JPOIT,TWTXG
32,未知,2025/08,亞洲,JPOSA,TWTXG
20,未知,2025/08,亞洲,JPSBS,TWTXG
2,未知,2025/08,亞洲,JPSMZ,TWTXG
107,未知,2025/08,亞洲,JPTYO,TWTXG
29,未知,2025/08,亞洲,JPYKK,TWTXG
12,未知,2025/08,亞洲,JPYOK,TWTXG
20,未知,2025/08,亞洲,KRKWY,TWTXG
74,未知,2025/08,亞洲,KRPUS,TWTXG
9,未知,2025/08,亞洲,KRUSN,TWTXG
120,未知,2025/08,亞洲,MYTPP,TWTXG
1,未知,2025/08,亞洲,VNCLI,TWTXG
306,未知,2025/09,亞洲,CNFOC,TWKHH
317,未知,2025/09,亞洲,CNSHG,TWKHH
40,未知,2025/09,亞洲,VNCLI,TWKHH
8,未知,2025/09,亞洲,VNHPH,TWKHH
809,未知,2025/09,亞洲,CNDLC,TWKEL
46,未知,2025/09,亞洲,CNHMP,TWKEL
618,未知,2025/09,亞洲,CNHSK,TWKEL
500,未知,2025/09,亞洲,CNJGY,TWKEL
100,未知,2025/09,亞洲,CNLYG,TWKEL
924,未知,2025/09,亞洲,CNNBO,TWKEL
2376,未知,2025/09,亞洲,CNNGB,TWKEL
6,未知,2025/09,亞洲,CNNIN,TWKEL
750,未知,2025/09,亞洲,CNNSA,TWKEL
1100,未知,2025/09,亞洲,CNNSS,TWKEL
494,未知,2025/09,亞洲,CNRZH,TWKEL
4312,未知,2025/09,亞洲,CNSHG,TWKEL
241,未知,2025/09,亞洲,CNSHG,TWKEL
854,未知,2025/09,亞洲,CNSHK,TWKEL
3138,未知,2025/09,亞洲,CNSHK,TWKEL
30,未知,2025/09,亞洲,CNSWA,TWKEL
2455,未知,2025/09,亞洲,CNTAC,TWKEL
596,未知,2025/09,亞洲,CNTCA,TWKEL
112,未知,2025/09,亞洲,CNTXG,TWKEL
1920,未知,2025/09,亞洲,CNWNZ,TWKEL
1011,未知,2025/09,亞洲,CNXMN,TWKEL
1056,未知,2025/09,亞洲,CNXNG,TWKEL
9009,未知,2025/09,亞洲,HKHKG,TWKEL
2,未知,2025/09,亞洲,JPMYJ,TWKEL
70,未知,2025/09,亞洲,JPOIT,TWKEL
2,未知,2025/09,亞洲,JPYAT,TWKEL
96,未知,2025/09,亞洲,KRPUS,TWKEL
571,未知,2025/09,大洋洲,NZLYT,TWKEL
300,未知,2025/09,大洋洲,NZNPE,TWKEL
540,未知,2025/09,大洋洲,NZTRG,TWKEL
96,未知,2025/09,大洋洲,NZWLG,TWKEL
168,未知,2025/09,亞洲,THLCH,TWKEL
222,未知,2025/09,亞洲,VNCLI,TWKEL
230,未知,2025/09,亞洲,VNCLP,TWKEL
1,未知,2025/09,亞洲,VNDAD,TWKEL
150,未知,2025/09,亞洲,VNHPH,TWKEL
64,未知,2025/09,亞洲,VNSGN,TWKEL
142,未知,2025/09,大洋洲,AUMEL,TWKHH
1182,未知,2025/09,亞洲,CNDLC,TWKHH
2019,未知,2025/09,亞洲,CNFOC,TWKHH
10,未知,2025/09,亞洲,CNFUG,TWKHH
40,未知,2025/09,亞洲,CNHMP,TWKHH
443,未知,2025/09,亞洲,CNHSK,TWKHH
241,未知,2025/09,亞洲,CNJIA,TWKHH
706,未知,2025/09,亞洲,CNJYN,TWKHH
40,未知,2025/09,亞洲,CNLYG,TWKHH
230,未知,2025/09,亞洲,CNMAW,TWKHH
1655,未知,2025/09,亞洲,CNNGB,TWKHH
91,未知,2025/09,亞洲,CNNSA,TWKHH
100,未知,2025/09,亞洲,CNNSS,TWKHH
436,未知,2025/09,亞洲,CNRZH,TWKHH
1573,未知,2025/09,亞洲,CNSHG,TWKHH
584,未知,2025/09,亞洲,CNSHK,TWKHH
1461,未知,2025/09,亞洲,CNSHK,TWKHH
106,未知,2025/09,亞洲,CNSWA,TWKHH
634,未知,2025/09,亞洲,CNTAC,TWKHH
3,未知,2025/09,亞洲,CNTAO,TWKHH
138,未知,2025/09,亞洲,CNTCA,TWKHH
308,未知,2025/09,亞洲,CNTXG,TWKHH
140,未知,2025/09,亞洲,CNWNZ,TWKHH
90,未知,2025/09,亞洲,CNXGG,TWKHH
3261,未知,2025/09,亞洲,CNXMN,TWKHH
4687,未知,2025/09,亞洲,HKHKG,TWKHH
480,未知,2025/09,亞洲,HKHKM,TWKHH
42,未知,2025/09,亞洲,JPHKT,TWKHH
67,未知,2025/09,亞洲,JPMOJ,TWKHH
24,未知,2025/09,亞洲,JPMYJ,TWKHH
6,未知,2025/09,亞洲,JPNGO,TWKHH
4,未知,2025/09,亞洲,JPOIT,TWKHH
2,未知,2025/09,亞洲,JPOSA,TWKHH
8,未知,2025/09,亞洲,JPSBS,TWKHH
49,未知,2025/09,亞洲,JPTKY,TWKHH
42,未知,2025/09,亞洲,JPUKB,TWKHH
2,未知,2025/09,亞洲,JPYAT,TWKHH
16,未知,2025/09,亞洲,JPYOK,TWKHH
27,未知,2025/09,亞洲,KRBNP,TWKHH
800,未知,2025/09,亞洲,KRICH,TWKHH
381,未知,2025/09,亞洲,KRINC,TWKHH
552,未知,2025/09,亞洲,KRPUS,TWKHH
14,未知,2025/09,亞洲,KRUSN,TWKHH
24,未知,2025/09,亞洲,MYPKG,TWKHH
150,未知,2025/09,亞洲,MYTPP,TWKHH
4,未知,2025/09,歐洲,NLRTM,TWKHH
220,未知,2025/09,大洋洲,NZLYT,TWKHH
94,未知,2025/09,大洋洲,NZNPE,TWKHH
218,未知,2025/09,大洋洲,NZTRG,TWKHH
4,未知,2025/09,亞洲,PHMNS,TWKHH
923,未知,2025/09,亞洲,SGSIN,TWKHH
266,未知,2025/09,亞洲,THLCB,TWKHH
491,未知,2025/09,亞洲,THLCH,TWKHH
30,未知,2025/09,北美洲,USORF,TWKHH
100,未知,2025/09,北美洲,USSEA,TWKHH
542,未知,2025/09,亞洲,VNCLI,TWKHH
543,未知,2025/09,亞洲,VNCLP,TWKHH
92,未知,2025/09,亞洲,VNDAD,TWKHH
334,未知,2025/09,亞洲,VNHPH,TWKHH
1998,未知,2025/09,亞洲,VNVUT,TWKHH
30,未知,2025/09,亞洲,JPOIT,TWKEL
2,未知,2025/09,亞洲,JPYAT,TWKEL
40,未知,2025/09,亞洲,KRPUS,TWKEL
200,未知,2025/09,南美洲,CLVAL,TWKHH
422,未知,2025/09,亞洲,CNDLI,TWKHH
2301,未知,2025/09,亞洲,CNFZU,TWKHH
5,未知,2025/09,亞洲,CNJIA,TWKHH
308,未知,2025/09,亞洲,CNQND,TWKHH
1954,未知,2025/09,亞洲,CNRZH,TWKHH
1865,未知,2025/09,亞洲,CNXGA,TWKHH
1512,未知,2025/09,亞洲,CNXHK,TWKHH
1170,未知,2025/09,亞洲,CNXSM,TWKHH
2591,未知,2025/09,亞洲,CNXTH,TWKHH
1524,未知,2025/09,亞洲,CNYJG,TWKHH
6588,未知,2025/09,亞洲,HKHKG,TWKHH
28,未知,2025/09,亞洲,IDDKT,TWKHH
6,未知,2025/09,亞洲,IDSUB,TWKHH
17,未知,2025/09,亞洲,JPHKT,TWKHH
24,未知,2025/09,亞洲,JPKBE,TWKHH
32,未知,2025/09,亞洲,JPNGY,TWKHH
1,未知,2025/09,亞洲,JPSMZ,TWKHH
9,未知,2025/09,亞洲,JPYKH,TWKHH
2120,未知,2025/09,亞洲,KRICH,TWKHH
123,未知,2025/09,亞洲,KRKPQ,TWKHH
720,未知,2025/09,亞洲,KRPUS,TWKHH
50,未知,2025/09,亞洲,PHGTC,TWKHH
14,未知,2025/09,亞洲,SADMN,TWKHH
1056,未知,2025/09,亞洲,THLCH,TWKHH
16,未知,2025/09,北美洲,USBAL,TWKHH
10,未知,2025/09,北美洲,USNFK,TWKHH
4,未知,2025/09,北美洲,USSVN,TWKHH
4,未知,2025/09,北美洲,USTCM,TWKHH
62,未知,2025/09,亞洲,VNDNG,TWKHH
700,未知,2025/09,亞洲,VNHCM,TWKHH
4,未知,2025/09,亞洲,JPMYJ,TWTXG
78,未知,2025/09,亞洲,CNDLC,TWTXG
72,未知,2025/09,亞洲,CNJGY,TWTXG
58,未知,2025/09,亞洲,CNNGB,TWTXG
31,未知,2025/09,亞洲,CNRZH,TWTXG
31,未知,2025/09,亞洲,CNSHG,TWTXG
66,未知,2025/09,亞洲,CNTSN,TWTXG
228,未知,2025/09,亞洲,CNTXG,TWTXG
100,未知,2025/09,亞洲,CNFOC,TWTPE
960,未知,2025/09,亞洲,CNNGB,TWTPE
1050,未知,2025/09,亞洲,CNNSS,TWTPE
740,未知,2025/09,亞洲,CNSHG,TWTPE
1028,未知,2025/09,亞洲,CNSHK,TWTPE
510,未知,2025/09,亞洲,CNXMN,TWTPE
116,未知,2025/09,亞洲,HKHKG,TWTPE
59,未知,2025/09,亞洲,JPHKT,TWTPE
43,未知,2025/09,亞洲,JPMOJ,TWTPE
9,未知,2025/09,亞洲,JPNGO,TWTPE
17,未知,2025/09,亞洲,JPOSA,TWTPE
79,未知,2025/09,亞洲,JPTKY,TWTPE
31,未知,2025/09,亞洲,JPUKB,TWTPE
12,未知,2025/09,亞洲,JPYKK,TWTPE
7,未知,2025/09,亞洲,JPYOK,TWTPE
2,未知,2025/09,亞洲,KRICH,TWTPE
6,未知,2025/09,亞洲,KRINC,TWTPE
5,未知,2025/09,亞洲,KRPUS,TWTPE
32,未知,2025/09,亞洲,KRUSN,TWTPE
2,未知,2025/09,亞洲,MYPEN,TWTPE
132,未知,2025/09,亞洲,VNCLI,TWTPE
40,未知,2025/09,亞洲,VNSGN,TWTPE
132,未知,2025/09,亞洲,CNDLC,TWTXG
74,未知,2025/09,亞洲,CNFUZ,TWTXG
72,未知,2025/09,亞洲,CNHMP,TWTXG
50,未知,2025/09,亞洲,CNHSK,TWTXG
70,未知,2025/09,亞洲,CNJGY,TWTXG
240,未知,2025/09,亞洲,CNJIA,TWTXG
48,未知,2025/09,亞洲,CNLYG,TWTXG
180,未知,2025/09,亞洲,CNMAW,TWTXG
1235,未知,2025/09,亞洲,CNNGB,TWTXG
78,未知,2025/09,亞洲,CNRZH,TWTXG
2021,未知,2025/09,亞洲,CNSHG,TWTXG
30,未知,2025/09,亞洲,CNSHK,TWTXG
40,未知,2025/09,亞洲,CNSHK,TWTXG
40,未知,2025/09,亞洲,CNSWA,TWTXG
520,未知,2025/09,亞洲,CNTAC,TWTXG
22,未知,2025/09,亞洲,CNTSN,TWTXG
40,未知,2025/09,亞洲,CNTXG,TWTXG
280,未知,2025/09,亞洲,CNWNZ,TWTXG
117,未知,2025/09,亞洲,CNXIA,TWTXG
392,未知,2025/09,亞洲,CNXMN,TWTXG
59,未知,2025/09,歐洲,GBSUA,TWTXG
213,未知,2025/09,亞洲,HKHKG,TWTXG
21,未知,2025/09,亞洲,JPMOJ,TWTXG
5,未知,2025/09,亞洲,JPNGO,TWTXG
6,未知,2025/09,亞洲,JPOIT,TWTXG
22,未知,2025/09,亞洲,JPOSA,TWTXG
74,未知,2025/09,亞洲,JPTYO,TWTXG
18,未知,2025/09,亞洲,JPYKK,TWTXG
107,未知,2025/09,亞洲,KRPUS,TWTXG
18,未知,2025/09,亞洲,KRUSN,TWTXG
2,未知,2025/09,亞洲,SGSIN,TWTXG
4,未知,2025/09,亞洲,THLCH,TWTXG
66,未知,2025/09,亞洲,VNCLP,TWTXG
160,未知,2025/10,亞洲,CNSHG,TWKHH
38,未知,2025/10,亞洲,CNXGG,TWKHH
20,未知,2025/10,亞洲,VNDAD,TWKHH
300,未知,2025/10,亞洲,VNHPH,TWKHH
104,未知,2025/10,南美洲,CLVAP,TWKEL
666,未知,2025/10,亞洲,CNDLC,TWKEL
12,未知,2025/10,亞洲,CNHMP,TWKEL
31,未知,2025/10,亞洲,CNHSK,TWKEL
150,未知,2025/10,亞洲,CNJGY,TWKEL
278,未知,2025/10,亞洲,CNLYG,TWKEL
268,未知,2025/10,亞洲,CNNBO,TWKEL
2630,未知,2025/10,亞洲,CNNGB,TWKEL
968,未知,2025/10,亞洲,CNNSA,TWKEL
496,未知,2025/10,亞洲,CNNSS,TWKEL
625,未知,2025/10,亞洲,CNRZH,TWKEL
1659,未知,2025/10,亞洲,CNSHG,TWKEL
217,未知,2025/10,亞洲,CNSHG,TWKEL
753,未知,2025/10,亞洲,CNSHK,TWKEL
2848,未知,2025/10,亞洲,CNSHK,TWKEL
772,未知,2025/10,亞洲,CNSWA,TWKEL
972,未知,2025/10,亞洲,CNTAC,TWKEL
12,未知,2025/10,亞洲,CNTSN,TWKEL
26,未知,2025/10,亞洲,CNTXG,TWKEL
1300,未知,2025/10,亞洲,CNWNZ,TWKEL
39,未知,2025/10,亞洲,CNXGG,TWKEL
72,未知,2025/10,亞洲,CNXMN,TWKEL
9424,未知,2025/10,亞洲,HKHKG,TWKEL
18,未知,2025/10,亞洲,JPMYJ,TWKEL
44,未知,2025/10,亞洲,JPOIT,TWKEL
20,未知,2025/10,亞洲,JPUKB,TWKEL
2,未知,2025/10,亞洲,JPYAT,TWKEL
262,未知,2025/10,亞洲,KRPUS,TWKEL
4,未知,2025/10,亞洲,MYPKG,TWKEL
71,未知,2025/10,大洋洲,NZLYT,TWKEL
25,未知,2025/10,大洋洲,NZNPE,TWKEL
210,未知,2025/10,大洋洲,NZTRG,TWKEL
312,未知,2025/10,大洋洲,NZWLG,TWKEL
13,未知,2025/10,亞洲,VNCLI,TWKEL
161,未知,2025/10,亞洲,VNCLP,TWKEL
10,未知,2025/10,亞洲,VNDAD,TWKEL
40,未知,2025/10,亞洲,VNHCM,TWKEL
626,未知,2025/10,亞洲,VNHPH,TWKEL
150,未知,2025/10,亞洲,VNSGN,TWKEL
28,未知,2025/10,大洋洲,AUBNE,TWKHH
70,未知,2025/10,大洋洲,AUMEL,TWKHH
546,未知,2025/10,亞洲,CNDLC,TWKHH
250,未知,2025/10,亞洲,CNDLI,TWKHH
666,未知,2025/10,亞洲,CNFOC,TWKHH
370,未知,2025/10,亞洲,CNFZU,TWKHH
128,未知,2025/10,亞洲,CNHMP,TWKHH
207,未知,2025/10,亞洲,CNHSK,TWKHH
416,未知,2025/10,亞洲,CNJIA,TWKHH
282,未知,2025/10,亞洲,CNJYN,TWKHH
36,未知,2025/10,亞洲,CNLYG,TWKHH
774,未知,2025/10,亞洲,CNMAW,TWKHH
595,未知,2025/10,亞洲,CNNGB,TWKHH
179,未知,2025/10,亞洲,CNNSA,TWKHH
420,未知,2025/10,亞洲,CNNSS,TWKHH
313,未知,2025/10,亞洲,CNRZH,TWKHH
1116,未知,2025/10,亞洲,CNSHG,TWKHH
354,未知,2025/10,亞洲,CNSHK,TWKHH
1184,未知,2025/10,亞洲,CNSHK,TWKHH
192,未知,2025/10,亞洲,CNSWA,TWKHH
330,未知,2025/10,亞洲,CNTAC,TWKHH
206,未知,2025/10,亞洲,CNTXG,TWKHH
751,未知,2025/10,亞洲,CNXGA,TWKHH
30,未知,2025/10,亞洲,CNXGG,TWKHH
1999,未知,2025/10,亞洲,CNXMN,TWKHH
240,未知,2025/10,南美洲,ECGYE,TWKHH
4956,未知,2025/10,亞洲,HKHKG,TWKHH
3,未知,2025/10,亞洲,JPMOJ,TWKHH
34,未知,2025/10,亞洲,JPMYJ,TWKHH
9,未知,2025/10,亞洲,JPNGO,TWKHH
1,未知,2025/10,亞洲,JPOIT,TWKHH
4,未知,2025/10,亞洲,JPOSA,TWKHH
10,未知,2025/10,亞洲,JPSBS,TWKHH
1,未知,2025/10,亞洲,JPSMZ,TWKHH
36,未知,2025/10,亞洲,JPTKY,TWKHH
8,未知,2025/10,亞洲,JPUKB,TWKHH
12,未知,2025/10,亞洲,JPYKK,TWKHH
7,未知,2025/10,亞洲,JPYOK,TWKHH
96,未知,2025/10,亞洲,KRBNP,TWKHH
831,未知,2025/10,亞洲,KRPUS,TWKHH
16,未知,2025/10,亞洲,KRUSN,TWKHH
2,未知,2025/10,亞洲,MYPGU,TWKHH
430,未知,2025/10,亞洲,MYTPP,TWKHH
132,未知,2025/10,大洋洲,NZLYT,TWKHH
20,未知,2025/10,大洋洲,NZNPE,TWKHH
200,未知,2025/10,亞洲,PHDVO,TWKHH
490,未知,2025/10,亞洲,SGSIN,TWKHH
2,未知,2025/10,歐洲,SIKOP,TWKHH
70,未知,2025/10,亞洲,THBKK,TWKHH
20,未知,2025/10,亞洲,THLCB,TWKHH
30,未知,2025/10,亞洲,THLCH,TWKHH
16,未知,2025/10,北美洲,USHOU,TWKHH
12,未知,2025/10,北美洲,USLAX,TWKHH
10,未知,2025/10,北美洲,USORF,TWKHH
230,未知,2025/10,北美洲,USSEA,TWKHH
100,未知,2025/10,北美洲,USTIW,TWKHH
1782,未知,2025/10,亞洲,VNCLI,TWKHH
502,未知,2025/10,亞洲,VNCLP,TWKHH
35,未知,2025/10,亞洲,VNDAD,TWKHH
359,未知,2025/10,亞洲,VNHPH,TWKHH
318,未知,2025/10,亞洲,VNSGN,TWKHH
937,未知,2025/10,亞洲,VNVUT,TWKHH
80,未知,2025/10,亞洲,CNJGY,TWKEL
140,未知,2025/10,亞洲,CNSHG,TWKEL
180,未知,2025/10,亞洲,CNWNZ,TWKEL
146,未知,2025/10,亞洲,CNXMN,TWKEL
1290,未知,2025/10,亞洲,CNDLI,TWKHH
1748,未知,2025/10,亞洲,CNFZU,TWKHH
555,未知,2025/10,亞洲,CNNBO,TWKHH
1080,未知,2025/10,亞洲,CNRZH,TWKHH
40,未知,2025/10,亞洲,CNSHG,TWKHH
39,未知,2025/10,亞洲,CNSHG,TWKHH
316,未知,2025/10,亞洲,CNXGA,TWKHH
1563,未知,2025/10,亞洲,CNXHK,TWKHH
1151,未知,2025/10,亞洲,CNXSM,TWKHH
2,未知,2025/10,亞洲,CNXTH,TWKHH
1450,未知,2025/10,亞洲,CNYJG,TWKHH
9516,未知,2025/10,亞洲,HKHKG,TWKHH
42,未知,2025/10,亞洲,IDSUB,TWKHH
560,未知,2025/10,亞洲,INNXV,TWKHH
43,未知,2025/10,亞洲,JPHKT,TWKHH
4,未知,2025/10,亞洲,JPIWU,TWKHH
7,未知,2025/10,亞洲,JPKBE,TWKHH
2,未知,2025/10,亞洲,JPNGY,TWKHH
1,未知,2025/10,亞洲,JPYKH,TWKHH
1800,未知,2025/10,亞洲,KRICH,TWKHH
444,未知,2025/10,亞洲,KRKPQ,TWKHH
1388,未知,2025/10,亞洲,KRPUS,TWKHH
1,未知,2025/10,亞洲,MYPEN,TWKHH
1,未知,2025/10,亞洲,MYPTP,TWKHH
1,未知,2025/10,亞洲,PHMNL,TWKHH
7,未知,2025/10,亞洲,SGSGP,TWKHH
840,未知,2025/10,亞洲,THLCH,TWKHH
14,未知,2025/10,北美洲,USBAL,TWKHH
32,未知,2025/10,北美洲,USLAX,TWKHH
6,未知,2025/10,北美洲,USNFK,TWKHH
100,未知,2025/10,北美洲,USTCM,TWKHH
300,未知,2025/10,亞洲,VNDNG,TWKHH
170,未知,2025/10,亞洲,VNHCM,TWKHH
122,未知,2025/10,亞洲,VNHPG,TWKHH
40,未知,2025/10,亞洲,CNWNZ,TWTXG
100,未知,2025/10,亞洲,CNXMN,TWTXG
40,未知,2025/10,亞洲,CNDLC,TWTXG
60,未知,2025/10,亞洲,CNJGY,TWTXG
238,未知,2025/10,亞洲,CNNGB,TWTXG
70,未知,2025/10,亞洲,CNRZH,TWTXG
55,未知,2025/10,亞洲,CNSHG,TWTXG
28,未知,2025/10,亞洲,CNTSN,TWTXG
22,未知,2025/10,亞洲,CNTXG,TWTXG
36,未知,2025/10,亞洲,CNXMN,TWTXG
150,未知,2025/10,亞洲,CNDLC,TWTPE
200,未知,2025/10,亞洲,CNFOC,TWTPE
80,未知,2025/10,亞洲,CNJIA,TWTPE
20,未知,2025/10,亞洲,CNMAW,TWTPE
2,未知,2025/10,亞洲,CNNBO,TWTPE
368,未知,2025/10,亞洲,CNNGB,TWTPE
430,未知,2025/10,亞洲,CNNSS,TWTPE
625,未知,2025/10,亞洲,CNSHG,TWTPE
1123,未知,2025/10,亞洲,CNSHK,TWTPE
140,未知,2025/10,亞洲,CNTAO,TWTPE
250,未知,2025/10,亞洲,CNTXG,TWTPE
66,未知,2025/10,亞洲,CNXHT,TWTPE
211,未知,2025/10,亞洲,CNXMN,TWTPE
46,未知,2025/10,亞洲,HKHKG,TWTPE
158,未知,2025/10,亞洲,JPHKT,TWTPE
44,未知,2025/10,亞洲,JPMOJ,TWTPE
37,未知,2025/10,亞洲,JPNGO,TWTPE
6,未知,2025/10,亞洲,JPSMZ,TWTPE
22,未知,2025/10,亞洲,JPTKY,TWTPE
2,未知,2025/10,亞洲,JPTYO,TWTPE
13,未知,2025/10,亞洲,JPUKB,TWTPE
21,未知,2025/10,亞洲,JPYKK,TWTPE
55,未知,2025/10,亞洲,JPYOK,TWTPE
5,未知,2025/10,亞洲,KRPUS,TWTPE
13,未知,2025/10,亞洲,KRUSN,TWTPE
1,未知,2025/10,亞洲,MYPGU,TWTPE
2,未知,2025/10,亞洲,MYPKG,TWTPE
80,未知,2025/10,亞洲,VNCLI,TWTPE
70,未知,2025/10,亞洲,VNHPG,TWTPE
70,未知,2025/10,亞洲,VNHPH,TWTPE
130,未知,2025/10,亞洲,VNTCT,TWTPE
134,未知,2025/10,亞洲,CNDLC,TWTXG
156,未知,2025/10,亞洲,CNHMP,TWTXG
241,未知,2025/10,亞洲,CNJGY,TWTXG
47,未知,2025/10,亞洲,CNLYG,TWTXG
104,未知,2025/10,亞洲,CNMAW,TWTXG
544,未知,2025/10,亞洲,CNNGB,TWTXG
160,未知,2025/10,亞洲,CNNSA,TWTXG
353,未知,2025/10,亞洲,CNRZH,TWTXG
796,未知,2025/10,亞洲,CNSHG,TWTXG
83,未知,2025/10,亞洲,CNSHK,TWTXG
52,未知,2025/10,亞洲,CNSWA,TWTXG
660,未知,2025/10,亞洲,CNTAC,TWTXG
2,未知,2025/10,亞洲,CNTAO,TWTXG
234,未知,2025/10,亞洲,CNTXG,TWTXG
160,未知,2025/10,亞洲,CNWNZ,TWTXG
47,未知,2025/10,亞洲,CNXIA,TWTXG
150,未知,2025/10,亞洲,CNXMN,TWTXG
238,未知,2025/10,亞洲,HKHKG,TWTXG
13,未知,2025/10,亞洲,JPKSM,TWTXG
9,未知,2025/10,亞洲,JPMOJ,TWTXG
2,未知,2025/10,亞洲,JPMYJ,TWTXG
50,未知,2025/10,亞洲,JPNAH,TWTXG
10,未知,2025/10,亞洲,JPNGO,TWTXG
20,未知,2025/10,亞洲,JPOIT,TWTXG
13,未知,2025/10,亞洲,JPOSA,TWTXG
32,未知,2025/10,亞洲,JPSBS,TWTXG
144,未知,2025/10,亞洲,JPTYO,TWTXG
2,未知,2025/10,亞洲,JPYAT,TWTXG
18,未知,2025/10,亞洲,JPYKK,TWTXG
7,未知,2025/10,亞洲,JPYOK,TWTXG
173,未知,2025/10,亞洲,KRPUS,TWTXG
14,未知,2025/10,亞洲,KRUSN,TWTXG
138,未知,2025/10,亞洲,MYTPP,TWTXG
16,未知,2025/10,亞洲,VNCLP,TWTXG
6,未知,2025/11,亞洲,CNSHG,TWKHH
30,未知,2025/11,亞洲,HKHKG,TWKHH
40,未知,2025/11,亞洲,VNCLI,TWKHH
408,未知,2025/11,亞洲,CNDLC,TWKEL
15,未知,2025/11,亞洲,CNHMN,TWKEL
10,未知,2025/11,亞洲,CNHMP,TWKEL
498,未知,2025/11,亞洲,CNHSK,TWKEL
36,未知,2025/11,亞洲,CNKHH,TWKEL
340,未知,2025/11,亞洲,CNLYG,TWKEL
230,未知,2025/11,亞洲,CNNBO,TWKEL
2263,未知,2025/11,亞洲,CNNGB,TWKEL
810,未知,2025/11,亞洲,CNNSA,TWKEL
1310,未知,2025/11,亞洲,CNNSS,TWKEL
1306,未知,2025/11,亞洲,CNSHG,TWKEL
404,未知,2025/11,亞洲,CNSHK,TWKEL
2618,未知,2025/11,亞洲,CNSHK,TWKEL
744,未知,2025/11,亞洲,CNSWA,TWKEL
1164,未知,2025/11,亞洲,CNTAC,TWKEL
151,未知,2025/11,亞洲,CNTCA,TWKEL
8,未知,2025/11,亞洲,CNTSN,TWKEL
1698,未知,2025/11,亞洲,CNWNZ,TWKEL
264,未知,2025/11,亞洲,CNXMN,TWKEL
638,未知,2025/11,亞洲,CNXNG,TWKEL
10437,未知,2025/11,亞洲,HKHKG,TWKEL
4,未知,2025/11,亞洲,IDBLW,TWKEL
4,未知,2025/11,亞洲,JPNGO,TWKEL
110,未知,2025/11,亞洲,JPOIT,TWKEL
5,未知,2025/11,亞洲,JPYOK,TWKEL
141,未知,2025/11,亞洲,KRPUS,TWKEL
15,未知,2025/11,大洋洲,NZNPE,TWKEL
2,未知,2025/11,大洋洲,NZTRG,TWKEL
80,未知,2025/11,亞洲,VNCLI,TWKEL
40,未知,2025/11,亞洲,VNCLP,TWKEL
364,未知,2025/11,亞洲,VNHPH,TWKEL
70,未知,2025/11,亞洲,VNSGN,TWKEL
32,未知,2025/11,大洋洲,AUBNE,TWKHH
116,未知,2025/11,大洋洲,AUMEL,TWKHH
706,未知,2025/11,亞洲,CNDLC,TWKHH
796,未知,2025/11,亞洲,CNDLI,TWKHH
916,未知,2025/11,亞洲,CNFOC,TWKHH
144,未知,2025/11,亞洲,CNHMP,TWKHH
301,未知,2025/11,亞洲,CNHSK,TWKHH
342,未知,2025/11,亞洲,CNJIA,TWKHH
64,未知,2025/11,亞洲,CNJYN,TWKHH
230,未知,2025/11,亞洲,CNLYG,TWKHH
100,未知,2025/11,亞洲,CNMAW,TWKHH
525,未知,2025/11,亞洲,CNNGB,TWKHH
110,未知,2025/11,亞洲,CNNSA,TWKHH
164,未知,2025/11,亞洲,CNNSS,TWKHH
526,未知,2025/11,亞洲,CNRZH,TWKHH
168,未知,2025/11,亞洲,CNSHG,TWKHH
6,未知,2025/11,亞洲,CNSHK,TWKHH
2171,未知,2025/11,亞洲,CNSHK,TWKHH
158,未知,2025/11,亞洲,CNSWA,TWKHH
90,未知,2025/11,亞洲,CNTAC,TWKHH
80,未知,2025/11,亞洲,CNTCA,TWKHH
210,未知,2025/11,亞洲,CNTXG,TWKHH
332,未知,2025/11,亞洲,CNWNZ,TWKHH
86,未知,2025/11,亞洲,CNXGA,TWKHH
54,未知,2025/11,亞洲,CNXGG,TWKHH
3036,未知,2025/11,亞洲,CNXMN,TWKHH
2,未知,2025/11,非洲,EGSOK,TWKHH
8189,未知,2025/11,亞洲,HKHKG,TWKHH
150,未知,2025/11,亞洲,HKHKM,TWKHH
5,未知,2025/11,亞洲,INNSA,TWKHH
66,未知,2025/11,亞洲,JPHKT,TWKHH
92,未知,2025/11,亞洲,JPMOJ,TWKHH
22,未知,2025/11,亞洲,JPMYJ,TWKHH
23,未知,2025/11,亞洲,JPNGO,TWKHH
14,未知,2025/11,亞洲,JPOIT,TWKHH
4,未知,2025/11,亞洲,JPSBS,TWKHH
5,未知,2025/11,亞洲,JPSMZ,TWKHH
174,未知,2025/11,亞洲,JPTKY,TWKHH
4,未知,2025/11,亞洲,JPTYO,TWKHH
18,未知,2025/11,亞洲,JPUKB,TWKHH
6,未知,2025/11,亞洲,JPYKK,TWKHH
28,未知,2025/11,亞洲,JPYOK,TWKHH
170,未知,2025/11,亞洲,KRBNP,TWKHH
768,未知,2025/11,亞洲,KRINC,TWKHH
100,未知,2025/11,亞洲,KRKAN,TWKHH
4,未知,2025/11,亞洲,KRKWY,TWKHH
777,未知,2025/11,亞洲,KRPUS,TWKHH
18,未知,2025/11,亞洲,KRUSN,TWKHH
1,未知,2025/11,亞洲,MYPGU,TWKHH
19,未知,2025/11,亞洲,MYPKG,TWKHH
362,未知,2025/11,亞洲,MYTPP,TWKHH
50,未知,2025/11,大洋洲,NZLYT,TWKHH
8,未知,2025/11,大洋洲,NZNPE,TWKHH
50,未知,2025/11,大洋洲,NZTRG,TWKHH
10,未知,2025/11,大洋洲,NZWLG,TWKHH
200,未知,2025/11,亞洲,PHDVO,TWKHH
240,未知,2025/11,亞洲,PHMNN,TWKHH
652,未知,2025/11,亞洲,SGSIN,TWKHH
52,未知,2025/11,亞洲,THLCB,TWKHH
20,未知,2025/11,北美洲,USOAK,TWKHH
40,未知,2025/11,北美洲,USSEA,TWKHH
790,未知,2025/11,亞洲,VNCLI,TWKHH
262,未知,2025/11,亞洲,VNCLP,TWKHH
6,未知,2025/11,亞洲,VNDAD,TWKHH
1932,未知,2025/11,亞洲,VNHPH,TWKHH
309,未知,2025/11,亞洲,VNVUT,TWKHH
85,未知,2025/11,亞洲,CNJGY,TWKEL
84,未知,2025/11,亞洲,CNXMN,TWKEL
1582,未知,2025/11,亞洲,CNDLI,TWKHH
60,未知,2025/11,亞洲,CNFOC,TWKHH
1885,未知,2025/11,亞洲,CNFZU,TWKHH
31,未知,2025/11,亞洲,CNQND,TWKHH
1216,未知,2025/11,亞洲,CNRZH,TWKHH
912,未知,2025/11,亞洲,CNXGA,TWKHH
3205,未知,2025/11,亞洲,CNXHK,TWKHH
1269,未知,2025/11,亞洲,CNXSM,TWKHH
1210,未知,2025/11,亞洲,CNXTH,TWKHH
531,未知,2025/11,亞洲,CNYJG,TWKHH
5817,未知,2025/11,亞洲,HKHKG,TWKHH
86,未知,2025/11,亞洲,IDDKT,TWKHH
12,未知,2025/11,亞洲,IDSUB,TWKHH
4,未知,2025/11,亞洲,INNXV,TWKHH
20,未知,2025/11,亞洲,JPHKT,TWKHH
10,未知,2025/11,亞洲,JPKBE,TWKHH
5,未知,2025/11,亞洲,JPNGY,TWKHH
3,未知,2025/11,亞洲,JPSMZ,TWKHH
2043,未知,2025/11,亞洲,KRICH,TWKHH
508,未知,2025/11,亞洲,KRPUS,TWKHH
200,未知,2025/11,南美洲,PECAL,TWKHH
3,未知,2025/11,亞洲,SGSGP,TWKHH
320,未知,2025/11,亞洲,THLCH,TWKHH
16,未知,2025/11,北美洲,USLAX,TWKHH
7,未知,2025/11,北美洲,USNYC,TWKHH
100,未知,2025/11,北美洲,USOKL,TWKHH
660,未知,2025/11,北美洲,USTCM,TWKHH
41,未知,2025/11,亞洲,VNDNG,TWKHH
321,未知,2025/11,亞洲,VNHCM,TWKHH
44,未知,2025/11,亞洲,VNHPG,TWKHH
36,未知,2025/11,非洲,ZACAP,TWKHH
100,未知,2025/11,亞洲,CNJGY,TWTXG
16,未知,2025/11,亞洲,CNXMN,TWTXG
58,未知,2025/11,亞洲,CNDLC,TWTXG
246,未知,2025/11,亞洲,CNNGB,TWTXG
18,未知,2025/11,亞洲,CNRZH,TWTXG
255,未知,2025/11,亞洲,CNSHG,TWTXG
950,未知,2025/11,亞洲,CNNGB,TWTPE
300,未知,2025/11,亞洲,CNNSS,TWTPE
145,未知,2025/11,亞洲,CNSHG,TWTPE
1421,未知,2025/11,亞洲,CNSHK,TWTPE
280,未知,2025/11,亞洲,CNXMN,TWTPE
1,未知,2025/11,亞洲,CNYTN,TWTPE
55,未知,2025/11,亞洲,HKHKG,TWTPE
241,未知,2025/11,亞洲,JPHKT,TWTPE
73,未知,2025/11,亞洲,JPMOJ,TWTPE
8,未知,2025/11,亞洲,JPNGO,TWTPE
8,未知,2025/11,亞洲,JPOSA,TWTPE
31,未知,2025/11,亞洲,JPTKY,TWTPE
9,未知,2025/11,亞洲,JPUKB,TWTPE
2,未知,2025/11,亞洲,JPYOK,TWTPE
6,未知,2025/11,亞洲,KRKAN,TWTPE
61,未知,2025/11,亞洲,KRPUS,TWTPE
45,未知,2025/11,亞洲,KRUSN,TWTPE
4,未知,2025/11,亞洲,MYPKG,TWTPE
70,未知,2025/11,亞洲,VNCLI,TWTPE
4,未知,2025/11,亞洲,VNHPH,TWTPE
22,未知,2025/11,亞洲,VNSGN,TWTPE
40,未知,2025/11,亞洲,CNDLC,TWTXG
88,未知,2025/11,亞洲,CNHMP,TWTXG
48,未知,2025/11,亞洲,CNLYG,TWTXG
904,未知,2025/11,亞洲,CNNGB,TWTXG
89,未知,2025/11,亞洲,CNNSA,TWTXG
412,未知,2025/11,亞洲,CNRZH,TWTXG
171,未知,2025/11,亞洲,CNSHG,TWTXG
22,未知,2025/11,亞洲,CNSHK,TWTXG
208,未知,2025/11,亞洲,CNSHK,TWTXG
54,未知,2025/11,亞洲,CNSWA,TWTXG
230,未知,2025/11,亞洲,CNTAC,TWTXG
2,未知,2025/11,亞洲,CNTSN,TWTXG
196,未知,2025/11,亞洲,CNTXG,TWTXG
576,未知,2025/11,亞洲,CNWNZ,TWTXG
542,未知,2025/11,亞洲,CNXIA,TWTXG
117,未知,2025/11,亞洲,CNXMN,TWTXG
27,未知,2025/11,歐洲,GBSUA,TWTXG
841,未知,2025/11,亞洲,HKHKG,TWTXG
6,未知,2025/11,亞洲,JPMOJ,TWTXG
2,未知,2025/11,亞洲,JPMYJ,TWTXG
40,未知,2025/11,亞洲,JPNAH,TWTXG
3,未知,2025/11,亞洲,JPNGO,TWTXG
10,未知,2025/11,亞洲,JPOIT,TWTXG
23,未知,2025/11,亞洲,JPOSA,TWTXG
20,未知,2025/11,亞洲,JPSBS,TWTXG
60,未知,2025/11,亞洲,JPTYO,TWTXG
11,未知,2025/11,亞洲,JPYKK,TWTXG
3,未知,2025/11,亞洲,JPYOK,TWTXG
51,未知,2025/11,亞洲,KRPUS,TWTXG
12,未知,2025/11,亞洲,KRUSN,TWTXG
4,未知,2025/11,亞洲,MYTPP,TWTXG
10,未知,2025/11,未知,NNNNN,TWTXG
6,未知,2025/11,亞洲,THLCH,TWTXG
22,未知,2025/11,亞洲,VNCLP,TWTXG
110,未知,2025/12,亞洲,CNRZH,TWKHH
16,未知,2025/12,亞洲,CNSHG,TWKHH
82,未知,2025/12,亞洲,CNXGG,TWKHH
440,未知,2025/12,亞洲,CNXMN,TWKHH
168,未知,2025/12,亞洲,PHMNN,TWKHH
10,未知,2025/12,亞洲,VNCLI,TWKHH
118,未知,2025/12,南美洲,CLVAP,TWKEL
294,未知,2025/12,亞洲,CNDLC,TWKEL
28,未知,2025/12,亞洲,CNHMP,TWKEL
8,未知,2025/12,亞洲,CNHSK,TWKEL
360,未知,2025/12,亞洲,CNJGY,TWKEL
90,未知,2025/12,亞洲,CNLYG,TWKEL
283,未知,2025/12,亞洲,CNNBO,TWKEL
3162,未知,2025/12,亞洲,CNNGB,TWKEL
691,未知,2025/12,亞洲,CNNSA,TWKEL
192,未知,2025/12,亞洲,CNNSS,TWKEL
708,未知,2025/12,亞洲,CNRZH,TWKEL
1804,未知,2025/12,亞洲,CNSHG,TWKEL
224,未知,2025/12,亞洲,CNSHG,TWKEL
602,未知,2025/12,亞洲,CNSHK,TWKEL
2795,未知,2025/12,亞洲,CNSHK,TWKEL
466,未知,2025/12,亞洲,CNSWA,TWKEL
2662,未知,2025/12,亞洲,CNTAC,TWKEL
220,未知,2025/12,亞洲,CNTCA,TWKEL
36,未知,2025/12,亞洲,CNTSN,TWKEL
151,未知,2025/12,亞洲,CNTXG,TWKEL
3468,未知,2025/12,亞洲,CNWNZ,TWKEL
234,未知,2025/12,亞洲,CNXGG,TWKEL
794,未知,2025/12,亞洲,CNXMN,TWKEL
4922,未知,2025/12,亞洲,HKHKG,TWKEL
40,未知,2025/12,亞洲,JPMYJ,TWKEL
88,未知,2025/12,亞洲,JPOIT,TWKEL
4,未知,2025/12,亞洲,JPYAT,TWKEL
240,未知,2025/12,亞洲,KRINC,TWKEL
243,未知,2025/12,亞洲,KRPUS,TWKEL
324,未知,2025/12,大洋洲,NZNPE,TWKEL
56,未知,2025/12,大洋洲,NZTRG,TWKEL
58,未知,2025/12,大洋洲,NZWLG,TWKEL
136,未知,2025/12,亞洲,VNCLI,TWKEL
100,未知,2025/12,亞洲,VNCLP,TWKEL
378,未知,2025/12,亞洲,VNHPH,TWKEL
26,未知,2025/12,大洋洲,AUBNE,TWKHH
37,未知,2025/12,大洋洲,AUMEL,TWKHH
6,未知,2025/12,大洋洲,AUSYD,TWKHH
1182,未知,2025/12,亞洲,CNDLC,TWKHH
450,未知,2025/12,亞洲,CNDLI,TWKHH
1718,未知,2025/12,亞洲,CNFOC,TWKHH
128,未知,2025/12,亞洲,CNFUG,TWKHH
78,未知,2025/12,亞洲,CNGCT,TWKHH
995,未知,2025/12,亞洲,CNHSK,TWKHH
816,未知,2025/12,亞洲,CNJIA,TWKHH
882,未知,2025/12,亞洲,CNJYN,TWKHH
61,未知,2025/12,亞洲,CNLYG,TWKHH
15,未知,2025/12,亞洲,CNMAW,TWKHH
978,未知,2025/12,亞洲,CNNGB,TWKHH
1,未知,2025/12,亞洲,CNNKG,TWKHH
72,未知,2025/12,亞洲,CNNSA,TWKHH
350,未知,2025/12,亞洲,CNNSS,TWKHH
1514,未知,2025/12,亞洲,CNRZH,TWKHH
1616,未知,2025/12,亞洲,CNSHG,TWKHH
52,未知,2025/12,亞洲,CNSHK,TWKHH
1921,未知,2025/12,亞洲,CNSHK,TWKHH
202,未知,2025/12,亞洲,CNSWA,TWKHH
762,未知,2025/12,亞洲,CNTAC,TWKHH
219,未知,2025/12,亞洲,CNTXG,TWKHH
40,未知,2025/12,亞洲,CNWNZ,TWKHH
15,未知,2025/12,亞洲,CNXGA,TWKHH
82,未知,2025/12,亞洲,CNXGG,TWKHH
56,未知,2025/12,亞洲,CNXHC,TWKHH
199,未知,2025/12,亞洲,CNXHT,TWKHH
4303,未知,2025/12,亞洲,CNXMN,TWKHH
200,未知,2025/12,亞洲,CNYJG,TWKHH
300,未知,2025/12,南美洲,ECGYE,TWKHH
9650,未知,2025/12,亞洲,HKHKG,TWKHH
9,未知,2025/12,亞洲,INNSA,TWKHH
7,未知,2025/12,亞洲,JPHKT,TWKHH
12,未知,2025/12,亞洲,JPMOJ,TWKHH
52,未知,2025/12,亞洲,JPNGO,TWKHH
8,未知,2025/12,亞洲,JPSBS,TWKHH
1,未知,2025/12,亞洲,JPSMZ,TWKHH
34,未知,2025/12,亞洲,JPTKY,TWKHH
20,未知,2025/12,亞洲,JPUKB,TWKHH
61,未知,2025/12,亞洲,JPYOK,TWKHH
21,未知,2025/12,亞洲,KRBNP,TWKHH
10,未知,2025/12,亞洲,KRINC,TWKHH
54,未知,2025/12,亞洲,KRKWY,TWKHH
696,未知,2025/12,亞洲,KRPUS,TWKHH
5,未知,2025/12,亞洲,MYPGU,TWKHH
7,未知,2025/12,亞洲,MYPKG,TWKHH
174,未知,2025/12,亞洲,MYTPP,TWKHH
24,未知,2025/12,大洋洲,NZLYT,TWKHH
180,未知,2025/12,大洋洲,NZNPE,TWKHH
174,未知,2025/12,大洋洲,NZTRG,TWKHH
2,未知,2025/12,大洋洲,NZWLG,TWKHH
320,未知,2025/12,亞洲,PHDVO,TWKHH
22,未知,2025/12,亞洲,PHMNN,TWKHH
344,未知,2025/12,亞洲,SGSIN,TWKHH
2,未知,2025/12,亞洲,THLCB,TWKHH
1,未知,2025/12,亞洲,THLCH,TWKHH
20,未知,2025/12,北美洲,USSEA,TWKHH
160,未知,2025/12,北美洲,USTIW,TWKHH
604,未知,2025/12,亞洲,VNCLI,TWKHH
261,未知,2025/12,亞洲,VNCLP,TWKHH
2612,未知,2025/12,亞洲,VNHPH,TWKHH
618,未知,2025/12,亞洲,VNVUT,TWKHH
250,未知,2025/12,亞洲,CNWNZ,TWKEL
130,未知,2025/12,亞洲,CNXMN,TWKEL
2,未知,2025/12,亞洲,BNMRI,TWKHH
1696,未知,2025/12,亞洲,CNDLI,TWKHH
1,未知,2025/12,亞洲,CNFQJ,TWKHH
1377,未知,2025/12,亞洲,CNFZU,TWKHH
436,未知,2025/12,亞洲,CNNBO,TWKHH
229,未知,2025/12,亞洲,CNQND,TWKHH
867,未知,2025/12,亞洲,CNRZH,TWKHH
30,未知,2025/12,亞洲,CNSHG,TWKHH
1438,未知,2025/12,亞洲,CNXGA,TWKHH
2268,未知,2025/12,亞洲,CNXHK,TWKHH
3021,未知,2025/12,亞洲,CNXSM,TWKHH
1854,未知,2025/12,亞洲,CNXTH,TWKHH
903,未知,2025/12,亞洲,CNYJG,TWKHH
4111,未知,2025/12,亞洲,HKHKG,TWKHH
13,未知,2025/12,亞洲,IDDKT,TWKHH
34,未知,2025/12,亞洲,IDSUB,TWKHH
2,未知,2025/12,亞洲,JPNGY,TWKHH
1,未知,2025/12,亞洲,JPTYO,TWKHH
2308,未知,2025/12,亞洲,KRICH,TWKHH
211,未知,2025/12,亞洲,KRKPQ,TWKHH
608,未知,2025/12,亞洲,KRPUS,TWKHH
1,未知,2025/12,非洲,MUBUV,TWKHH
348,未知,2025/12,亞洲,MYPKL,TWKHH
200,未知,2025/12,南美洲,PECAL,TWKHH
50,未知,2025/12,亞洲,PHGTC,TWKHH
406,未知,2025/12,亞洲,THLCH,TWKHH
6,未知,2025/12,北美洲,USLAX,TWKHH
16,未知,2025/12,北美洲,USNFK,TWKHH
500,未知,2025/12,北美洲,USTCM,TWKHH
42,未知,2025/12,亞洲,VNDNG,TWKHH
6,未知,2025/12,亞洲,VNHPG,TWKHH
300,未知,2025/12,非洲,ZACAP,TWKHH
46,未知,2025/12,亞洲,CNWNZ,TWTXG
160,未知,2025/12,亞洲,CNXMN,TWTXG
100,未知,2025/12,亞洲,CNDLC,TWTXG
387,未知,2025/12,亞洲,CNNGB,TWTXG
402,未知,2025/12,亞洲,CNSHG,TWTXG
8,未知,2025/12,亞洲,CNTSN,TWTXG
78,未知,2025/12,亞洲,CNTXG,TWTXG
12,未知,2025/12,亞洲,CNDLC,TWTPE
1250,未知,2025/12,亞洲,CNNGB,TWTPE
1550,未知,2025/12,亞洲,CNNSS,TWTPE
955,未知,2025/12,亞洲,CNSHG,TWTPE
548,未知,2025/12,亞洲,CNSHK,TWTPE
130,未知,2025/12,亞洲,CNXMN,TWTPE
80,未知,2025/12,亞洲,CNYTN,TWTPE
381,未知,2025/12,亞洲,HKHKG,TWTPE
38,未知,2025/12,亞洲,JPHKT,TWTPE
2,未知,2025/12,亞洲,JPMOJ,TWTPE
4,未知,2025/12,亞洲,JPSMZ,TWTPE
84,未知,2025/12,亞洲,JPTKY,TWTPE
9,未知,2025/12,亞洲,JPUKB,TWTPE
3,未知,2025/12,亞洲,JPYKK,TWTPE
36,未知,2025/12,亞洲,JPYOK,TWTPE
10,未知,2025/12,亞洲,KRPUS,TWTPE
38,未知,2025/12,亞洲,VNCLI,TWTPE
406,未知,2025/12,亞洲,CNDLC,TWTXG
16,未知,2025/12,亞洲,CNGCT,TWTXG
136,未知,2025/12,亞洲,CNHSK,TWTXG
353,未知,2025/12,亞洲,CNJGY,TWTXG
56,未知,2025/12,亞洲,CNLYG,TWTXG
100,未知,2025/12,亞洲,CNNBO,TWTXG
1068,未知,2025/12,亞洲,CNNGB,TWTXG
112,未知,2025/12,亞洲,CNNSA,TWTXG
72,未知,2025/12,亞洲,CNRZH,TWTXG
1260,未知,2025/12,亞洲,CNSHG,TWTXG
40,未知,2025/12,亞洲,CNSHG,TWTXG
64,未知,2025/12,亞洲,CNSHK,TWTXG
326,未知,2025/12,亞洲,CNSHK,TWTXG
100,未知,2025/12,亞洲,CNSWA,TWTXG
870,未知,2025/12,亞洲,CNTAC,TWTXG
250,未知,2025/12,亞洲,CNTXG,TWTXG
1012,未知,2025/12,亞洲,CNWNZ,TWTXG
76,未知,2025/12,亞洲,CNXIA,TWTXG
542,未知,2025/12,亞洲,CNXMN,TWTXG
930,未知,2025/12,歐洲,GBSUA,TWTXG
515,未知,2025/12,亞洲,HKHKG,TWTXG
10,未知,2025/12,亞洲,JPKSM,TWTXG
13,未知,2025/12,亞洲,JPMOJ,TWTXG
20,未知,2025/12,亞洲,JPNAH,TWTXG
11,未知,2025/12,亞洲,JPNGO,TWTXG
11,未知,2025/12,亞洲,JPOSA,TWTXG
88,未知,2025/12,亞洲,JPTYO,TWTXG
28,未知,2025/12,亞洲,JPYKK,TWTXG
60,未知,2025/12,亞洲,KRINC,TWTXG
168,未知,2025/12,亞洲,KRPUS,TWTXG
21,未知,2025/12,亞洲,KRUSN,TWTXG
140,未知,2025/12,亞洲,VNCLP,TWTXG
